Zilla Code,Upazila Code,Union Name,Unioun
48,76,সিংপুর,85
48,76,সিংপুর,85
48,79,বুরুদিয়া,15
48,79,বুরুদিয়া,15
48,79,বুরুদিয়া,15
48,79,চন্ডিপাশা,19
48,79,চরফরাদি,28
48,79,চরফরাদি,28
48,79,এগারাসিন্দুর,38
48,79,এগারাসিন্দুর,38
48,79,হোসেন্দী,47
48,79,জাংগালিয়া,57
48,79,জাংগালিয়া,57
48,79,নারান্দী,66
48,79,নারান্দী,66
48,79,পাটুয়াভাঙ্গা,85
48,79,পাটুয়াভাঙ্গা,85
48,79,পাটুয়াভাঙ্গা,85
48,79,সুখিয়া,95
48,92,দামিহা,13
48,92,দামিহা,13
48,92,ধলা,27
48,92,ধলা,27
48,92,দিগদাইর,40
48,92,দিগদাইর,40
48,92,জাওয়ার,54
48,92,জাওয়ার,54
48,92,রাউতি,67
48,92,রাউতি,67
48,92,তালজাঙ্গা,81
48,92,তালজাঙ্গা,81
48,92,তাড়াইল সাচাইল,94
48,92,তাড়াইল সাচাইল,94
54,40,আলীনগর,11
54,40,আলীনগর,11
54,40,বালীগ্রাম,12
54,40,বালীগ্রাম,12
54,40,বাঁশগাড়ী,18
54,40,বাঁশগাড়ী,18
54,40,চরদৌলতখান,25
54,40,চরদৌলতখান,25
54,40,ডাসার,31
54,40,ডাসার,31
54,40,এনায়েতনগর,37
54,40,এনায়েতনগর,37
54,40,গোপালপুর,44
54,40,গোপালপুর,44
54,40,কয়ারিয়া,56
54,40,কয়ারিয়া,56
54,40,কাজীবাকাই,63
54,40,কাজীবাকাই,63
54,40,লক্ষ্মীপুর,69
54,40,লক্ষ্মীপুর,69
54,40,নবগ্রাম,75
54,40,নবগ্রাম,75
54,40,রমজানপুর,82
54,40,রমজানপুর,82
54,40,সাহেবরামপুর,88
54,40,সাহেবরামপুর,88
54,40,শিকারমঙ্গল,94
54,40,শিকারমঙ্গল,94
54,54,বাহাদুরপুর,10
54,54,বাহাদুরপুর,10
54,54,ছিলারচর,11
54,54,ছিলারচর,11
54,54,ধুরাইল,17
54,54,ধুরাইল,17
54,54,দুধখালী,23
54,54,দুধখালী,23
54,54,ঘাটমাঝি,29
54,54,ঘাটমাঝি,29
54,54,ঝাউদী,35
54,54,ঝাউদী,35
54,54,কালিকাপুর,41
54,54,কালিকাপুর,41
54,54,কেন্দুয়া,47
54,54,কেন্দুয়া,47
54,54,খোয়াজপুর,53
54,54,খোয়াজপুর,53
54,54,কুনিয়া ,59
54,54,কুনিয়া ,59
54,54,মস্তফাপুর,71
54,54,মস্তফাপুর,71
54,54,পাচঁখোলা,77
54,54,পাচঁখোলা,77
54,54,পেয়ারপুর,83
54,54,পেয়ারপুর,83
54,54,রাস্তি,89
54,54,রাস্তি,89
54,54,শিরখাড়া,94
54,54,শিরখাড়া,94
54,80,আমগ্রাম,13
54,80,আমগ্রাম,13
54,80,আমগ্রাম,13
54,80,বদরপাশা,19
54,80,বদরপাশা,19
54,80,বাজিতপুর,28
54,80,বাজিতপুর,28
54,80,হরিদাসদি মহেন্দ্রদী,31
54,80,হরিদাসদি মহেন্দ্রদী,31
54,80,হোসেনপুর,38
54,80,হোসেনপুর,38
54,80,ইশিবপুর,47
54,80,ইশিবপুর,47
54,80,ইশিবপুর,47
54,80,কবিরাজপুর,57
54,80,কবিরাজপুর,57
54,80,কদমবাড়ি,66
54,80,কদমবাড়ি,66
54,80,খালিয়া,76
54,80,খালিয়া,76
54,80,পাইকপাড়া,85
54,80,পাইকপাড়া,85
54,80,রাজৈর,95
54,80,রাজৈর,95
54,87,বন্দরখোলা,11
54,87,বন্দরখোলা,11
54,87,বাঁশকান্দি,13
54,87,বাঁশকান্দি,13
54,87,বাঁশকান্দি,13
54,87,বাঁশকান্দি,13
54,87,বহেরতলা দক্ষিণ,15
54,87,বহেরতলা দক্ষিণ,15
54,87,বহেরাতলা উত্তর,16
54,87,বহেরাতলা উত্তর,16
54,87,ভদ্রাসন,21
54,87,ভদ্রাসন,21
54,87,ভান্ডারীকান্দি,26
54,87,ভান্ডারীকান্দি,26
54,87,চরজানাজাত,31
54,87,চরজানাজাত,31
54,87,দত্তপাড়া,36
54,87,দত্তপাড়া,36
54,87,দত্তপাড়া,36
54,87,দ্বিতীয়খন্ড,42
54,87,দ্বিতীয়খন্ড,42
54,87,কাদিরপুর,47
54,87,কাদিরপুর,47
54,87,কাঁঠালবাড়ী,52
54,87,কাঁঠালবাড়ী,52
54,87,কুতুবপুর,58
54,87,কুতুবপুর,58
54,87,মাদবরেরচর,63
54,87,মাদবরেরচর,63
54,87,নিলখি,68
54,87,নিলখি,68
54,87,নিলখি,68
54,87,পাঁচচর,73
54,87,পাঁচচর,73
54,87,সন্যাসিরচর,79
54,87,সন্যাসিরচর,79
54,87,শিবচর,84
54,87,শিবচর,84
54,87,শিরুয়াইল,89
54,87,শিরুয়াইল,89
54,87,উমেদপুর,94
54,87,উমেদপুর,94
56,10,বাচামরা,17
56,10,বাচামরা,17
56,10,বাঘুটিয়া,19
56,10,বাঘুটিয়া,19
56,10,চক মিরপুর,28
56,10,চক মিরপুর,28
56,10,চক মিরপুর,28
56,10,চরকাটারী,38
56,10,চরকাটারী,38
56,10,ধামশ্বর,57
56,10,ধামশ্বর,57
56,10,জিয়নপুর,66
56,10,জিয়নপুর,66
56,10,জিয়নপুর,66
56,10,কালিয়া,76
56,10,কালিয়া,76
56,10,খলশী,85
56,10,খলশী,85
56,22,বালিয়াখোড়া,11
56,22,বালিয়াখোড়া,11
56,22,বানিয়াজুড়ী,23
56,22,বানিয়াজুড়ী,23
56,22,বড়টিয়া,35
56,22,বড়টিয়া,35
56,22,ঘিওর,47
56,22,ঘিওর,47
56,22,নালী,59
56,22,নালী,59
56,22,পয়লা,71
56,22,পয়লা,71
56,22,সিংজুড়ী,83
56,22,সিংজুড়ী,83
56,28,আজিমনগর,11
56,28,আজিমনগর,11
56,28,বাল্লা,14
56,28,বাল্লা,14
56,28,বাল্লা,14
56,28,বলড়া,21
56,28,বলড়া,21
56,28,বয়রা,29
56,28,বয়রা,29
56,28,বয়রা,29
56,28,চালা,36
56,28,চালা,36
56,28,ধুলশুড়া,43
56,28,ধুলশুড়া,43
56,28,গালা,51
56,28,গালা,51
56,28,গোপিনাথপুর,58
56,28,গোপিনাথপুর,58
56,28,গোপিনাথপুর,58
56,28,হারুকান্দি,65
56,28,হারুকান্দি,65
56,28,কাঞ্চনপুর,73
56,28,কাঞ্চনপুর,73
56,28,লেছড়াগঞ্জ,80
56,28,লেছড়াগঞ্জ,80
56,28,লেছড়াগঞ্জ,80
56,28,রামকৃষ্ণপুর,87
56,28,রামকৃষ্ণপুর,87
56,28,রামকৃষ্ণপুর,87
56,28,সুতালড়ী,94
56,28,সুতালড়ী,94
56,28,সুতালড়ী,94
56,46,বেতিলা-মিতরা,11
56,46,বেতিলা-মিতরা,11
56,46,আটিগ্রাম,13
56,46,আটিগ্রাম,13
56,46,ভাড়ারিয়া,15
56,46,ভাড়ারিয়া,15
56,46,দিঘী,23
56,46,দিঘী,23
56,46,গড়পাড়া,31
56,46,গড়পাড়া,31
56,46,হাটিপাড়া,39
56,46,হাটিপাড়া,39
56,46,জাগীর,55
56,46,জাগীর,55
56,46,কৃষ্ণপুর,71
56,46,কৃষ্ণপুর,71
56,46,নবগ্রাম,87
56,46,নবগ্রাম,87
56,46,পুটাইল,94
56,46,পুটাইল,94
56,70,বালিয়াটি,19
56,70,বালিয়াটি,19
56,70,বরাইদ,28
56,70,বরাইদ,28
56,70,দড়গ্রাম,38
56,70,দড়গ্রাম,38
56,70,দিঘুলিয়া,47
56,70,দিঘুলিয়া,47
56,70,ধানকোড়া,57
56,70,ধানকোড়া,57
56,70,ফুকুরহাটি,66
56,70,ফুকুরহাটি,66
56,70,হরগজ,76
56,70,হরগজ,76
56,70,সাটুরিয়া,85
56,70,সাটুরিয়া,85
56,70,তিল্লী,95
56,70,তিল্লী,95
56,78,আরুয়া,11
56,78,আরুয়া,11
56,78,মহাদেবপুর,23
56,78,মহাদেবপুর,23
56,78,মহাদেবপুর,23
56,78,শিমুলিয়া,35
56,78,শিমুলিয়া,35
56,78,শিমুলিয়া,35
56,78,শিবালয়,47
56,78,শিবালয়,47
56,78,তেওতা,59
56,78,তেওতা,59
56,78,উলাইল,71
56,78,উলাইল,71
56,78,উথলী,83
56,78,উথলী,83
56,82,বলধরা,17
56,82,বলধরা,17
56,82,বয়রাতলা,19
56,82,বয়রাতলা,19
56,82,বয়রাতলা,19
56,82,চাঁদর,25
56,82,চাঁদর,25
56,82,ছড়িগ্রাম,34
56,82,ছড়িগ্রাম,34
56,82,ছড়িগ্রাম,34
56,82,ধল্লা,43
56,82,ধল্লা,43
56,82,জয় মন্তাপ,51
56,82,জয় মন্তাপ,51
56,82,জামির্তা,60
56,82,জামির্তা,60
56,82,জামশা,69
56,82,জামশা,69
56,82,জামশা,69
56,82,সাইস্তা,77
56,82,সাইস্তা,77
56,82,সিংগাইর,86
56,82,সিংগাইর,86
56,82,তালিবপুর,94
56,82,তালিবপুর,94
59,24,বালুয়াকান্দি,10
59,24,বালুয়াকান্দি,10
59,24,বাউশিয়া,21
59,24,বাউশিয়া,21
59,24,বাউশিয়া,21
59,24,ভবেরচর,31
59,24,ভবেরচর,31
59,24,ভবেরচর,31
59,24,গজারিয়া,42
59,24,গজারিয়া,42
59,24,গুয়াগাছিয়া,52
59,24,গুয়াগাছিয়া,52
59,24,হোসেন্দী,63
59,24,হোসেন্দী,63
59,24,ইমামপুর,73
59,24,ইমামপুর,73
59,24,ইমামপুর,73
59,24,টেঙ্গারচর,84
59,24,টেঙ্গারচর,84
59,44,বেজগাঁও,13
59,44,বেজগাঁও,13
59,44,বেজগাঁও,13
59,44,বৌলতলী,15
59,44,বৌলতলী,15
59,44,গাওদিয়া,31
59,44,গাওদিয়া,31
59,44,হলদিয়া,39
59,44,হলদিয়া,39
59,44,হলদিয়া,39
59,44,কলমা,47
59,44,কলমা,47
59,44,কনকসার,55
59,44,কনকসার,55
59,44,ক্ষিদিরপাড়া,63
59,44,ক্ষিদিরপাড়া,63
59,44,কুমারভোগ,71
59,44,কুমারভোগ,71
59,44,মেদিনীমন্ডল,87
59,44,মেদিনীমন্ডল,87
59,44,লৌহজং-তেউটিয়া,94
59,44,লৌহজং-তেউটিয়া,94
59,56,আধারা,20
59,56,আধারা,20
59,56,আধারা,20
59,56,বজ্রযোগিনী,22
59,56,বজ্রযোগিনী,22
59,56,বজ্রযোগিনী,22
59,56,বাংলা বাজার,23
59,56,বাংলা বাজার,23
59,56,চরকেওয়ার,28
59,56,চরকেওয়ার,28
59,56,চরকেওয়ার,28
59,56,শীলই,38
59,56,শীলই,38
59,56,মহাকালী,47
59,56,মহাকালী,47
59,56,মহাকালী,47
59,56,মোল্লাকান্দি,57
59,56,পঞ্চসার,76
59,56,পঞ্চসার,76
59,56,রামপাল,85
59,56,রামপাল,85
59,56,রামপাল,85
59,56,রামপাল,85
59,74,বালুচর,11
59,74,বালুচর,11
59,74,বাসাইল,13
59,74,বাসাইল,13
59,74,বয়রাগাদী,20
59,74,বয়রাগাদী,20
59,74,চিত্রকোট,27
59,74,ইছাপুর,33
59,74,ইছাপুর,33
59,74,জৈনসার,40
59,74,জৈনসার,40
59,74,কেয়াইন,47
59,74,কেয়াইন,47
59,74,কোলা,54
59,74,কোলা,54
59,74,লতাব্দি,61
59,74,লতাব্দি,61
59,74,মধ্যপাড়া,67
59,74,মধ্যপাড়া,67
59,74,মালখানগর,74
59,74,মালখানগর,74
59,74,মালখানগর,74
59,74,রাজানগর,81
59,74,রাজানগর,81
59,74,রশুনিয়া,88
59,74,রশুনিয়া,88
59,74,শেখেরনগর,94
59,74,শেখেরনগর,94
59,84,আটপাড়া,11
59,84,আটপাড়া,11
59,84,বাঘড়া,13
59,84,বাঘড়া,13
59,84,বাড়ৈখালী,20
59,84,বাড়ৈখালী,20
59,84,ভাগ্যকুল,27
59,84,ভাগ্যকুল,27
59,84,বীরতারা,33
59,84,বীরতারা,33
59,84,হাসাড়া,40
59,84,হাসাড়া,40
59,84,কোলাপাড়া,47
59,84,কোলাপাড়া,47
59,84,কুকুটিয়া,54
59,84,কুকুটিয়া,54
59,84,পাটাভোগ,61
59,84,পাটাভোগ,61
59,84,রাঢ়ীখাল,67
59,84,রাঢ়ীখাল,67
59,84,শ্রীনগর,74
59,84,শ্রীনগর,74
59,84,শ্রীনগর,74
59,84,শ্রীনগর,74
59,84,ষোলঘর,81
59,84,ষোলঘর,81
59,84,শ্যামসিদ্ধি,88
59,84,শ্যামসিদ্ধি,88
59,84,শ্যামসিদ্ধি,88
59,84,তন্তর,94
59,84,তন্তর,94
59,94,আবদুল্লাহ্পুর,11
59,94,আবদুল্লাহ্পুর,11
59,94,আবদুল্লাহ্পুর,11
59,94,আড়িয়াল বালিগাও,15
59,94,আড়িয়াল বালিগাও,15
59,94,আড়িয়াল বালিগাও,15
59,94,আউটশাহী,23
59,94,আউটশাহী,23
59,94,বেতকা,31
59,94,বেতকা,31
59,94,বেতকা,31
59,94,ধীপুর,39
59,94,ধীপুর,39
59,94,ধীপুর,39
59,94,দিঘীরপাড়,47
59,94,দিঘীরপাড়,47
59,94,হাসাইল-বানারী,55
59,94,হাসাইল-বানারী,55
59,94,যশলং,63
59,94,যশলং,63
59,94,যশলং,63
59,94,কামারখাড়া,71
59,94,কামারখাড়া,71
59,94,কাঠাদিয়া-শিমুলিয়া,79
59,94,কাঠাদিয়া-শিমুলিয়া,79
59,94,পাঁচগাঁও,87
59,94,পাঁচগাঁও,87
59,94,সোনারং টঙ্গীবাড়ী,94
59,94,সোনারং টঙ্গীবাড়ী,94
59,94,সোনারং টঙ্গীবাড়ী,94
61,13,ভালুকা,14
61,13,ভালুকা,14
61,13,ভরাডোবা,17
61,13,ভরাডোবা,17
61,13,বিরুনিয়া,25
61,13,বিরুনিয়া,25
61,13,বিরুনিয়া,25
61,13,বিরুনিয়া,25
61,13,বিরুনিয়া,25
61,13,ডাকাতিয়া,34
61,13,ডাকাতিয়া,34
61,13,ডাকাতিয়া,34
61,13,ডাকাতিয়া,34
61,13,ধীতপুর,43
61,13,ধীতপুর,43
61,13,হবিরবাড়ী,51
61,13,কাচিনা,60
61,13,কাচিনা,60
61,13,কাচিনা,60
61,13,মল্লিকবাড়ী,69
61,13,মল্লিকবাড়ী,69
61,13,মেদুয়ারী,77
61,13,মেদুয়ারী,77
61,13,মেদুয়ারী,77
61,13,রাজৈ ,86
61,13,রাজৈ ,86
61,13,রাজৈ ,86
61,13,উথুরা,94
61,16,বাঘবেড়,10
61,16,বাঘবেড়,10
61,16,দক্ষিণ মাইজ পাড়া,31
61,16,দক্ষিণ মাইজ পাড়া,31
61,16,দক্ষিণ মাইজ পাড়া,31
61,16,ধোবাউড়া,36
61,16,ধোবাউড়া,36
61,16,গামারীতলা,42
61,16,গোয়াতলা,47
61,16,ঘোষগাঁও,52
61,16,পোড়াকান্দুলিয়া,73
61,20,আছিমপাটুলি,11
61,20,আছিমপাটুলি,11
61,20,বাক্তা,17
61,20,বাক্তা,17
61,20,বাক্তা,17
61,20,বালিয়ান,23
61,20,ভবানীপুর,29
61,20,ভবানীপুর,29
61,20,ভবানীপুর,29
61,20,ভবানীপুর,29
61,20,দেওখোলা,35
61,20,দেওখোলা,35
61,20,দেওখোলা,35
61,20,এনায়েতপুর,41
61,20,এনায়েতপুর,41
61,20,এনায়েতপুর,41
61,20,এনায়েতপুর,41
61,20,ফুলবাড়ীয়া,47
61,20,ফুলবাড়ীয়া,47
61,20,ফুলবাড়ীয়া,47
61,20,কালাদহ,53
61,20,কালাদহ,53
61,20,কালাদহ,53
61,20,কুশমাইল,59
61,20,নাওগাঁও,77
61,20,নাওগাঁও,77
61,20,পুটিজানা,83
61,20,পুটিজানা,83
61,20,রাধাকানাই,89
61,20,রাধাকানাই,89
61,20,রাধাকানাই,89
61,20,রাধাকানাই,89
61,20,রাধাকানাই,89
61,20,রাধাকানাই,89
61,20,রাধাকানাই,89
61,20,রাধাকানাই,89
61,20,রাধাকানাই,89
61,20,রাধাকানাই,89
61,20,রাঙ্গামাটিয়া,94
61,20,রাঙ্গামাটিয়া,94
61,22,বারবারিয়া,11
61,22,চর আলগী,12
61,22,চর আলগী,12
61,22,চর আলগী,12
61,22,দত্তেরবাজার,18
61,22,গফরগাঁও,25
61,22,গফরগাঁও,25
61,22,যশরা,31
61,22,লংগাইর,37
61,22,মশাখালি,44
61,22,নিগুয়ারী,50
61,22,পাইথল,56
61,22,পাঁচবাগ,63
61,22,পাঁচবাগ,63
61,22,রসুলপুর,69
61,22,রাওনা,75
61,22,সালটিয়া,82
61,22,সালটিয়া,82
61,22,টাংগাব,88
61,22,টাংগাব,88
61,22,উস্থি,94
61,23,অচিন্তপুর,15
61,23,ভাংনামারি,18
61,23,ভাংনামারি,18
61,23,ভাংনামারি,18
61,23,ভাংনামারি,18
61,23,বোকাইনগর,22
61,23,বোকাইনগর,22
61,23,বোকাইনগর,22
61,23,বোকাইনগর,22
61,23,ডৌহাখলা,27
61,23,ডৌহাখলা,27
61,23,ডৌহাখলা,27
61,23,ডৌহাখলা,27
61,23,গৌরীপুর,31
61,23,গৌরীপুর,31
61,23,গৌরীপুর,31
61,23,গৌরীপুর,31
61,23,মাওহা,58
61,23,মাওহা,58
61,23,মাওহা,58
61,23,রামগোপালপুর,72
61,23,রামগোপালপুর,72
61,23,রামগোপালপুর,72
61,23,সহনাটি,81
61,23,সহনাটি,81
61,23,সহনাটি,81
61,23,সিধলা,85
61,23,সিধলা,85
61,23,সিধলা,85
61,23,সিধলা,85
61,24,আমতৈল,17
61,24,আমতৈল,17
61,24,ভূবনকুরা,20
61,24,ভূবনকুরা,20
61,24,বিলডোরা,21
61,24,বিলডোরা,21
61,24,বিলডোরা,21
61,24,ধারা,33
61,24,ধারা,33
61,24,ধুরাইল,40
61,24,ধুরাইল,40
61,24,ধুরাইল,40
61,24,গাজিরভিটা,47
61,24,গাজিরভিটা,47
61,24,হালূয়াঘাট,61
61,24,হালূয়াঘাট,61
61,24,হালূয়াঘাট,61
61,24,জুগলী,67
61,24,জুগলী,67
61,24,জুগলী,67
61,24,কৈচাপুর,74
61,24,কৈচাপুর,74
61,24,নড়াইল,81
61,24,নড়াইল,81
61,24,শাকুয়াই,84
61,24,শাকুয়াই,84
61,24,স্বদেশী,94
61,24,স্বদেশী,94
61,24,স্বদেশী,94
61,31,আঠারবাড়ী,11
61,31,আঠারবাড়ী,11
61,31,বড়হিত,13
61,31,বড়হিত,13
61,31,ঈশ্বরগঞ্জ,40
61,31,ঈশ্বরগঞ্জ,40
61,31,ঈশ্বরগঞ্জ,40
61,31,জাটিয়া,45
61,31,জাটিয়া,45
61,31,মাইজবাগ,54
61,31,মাইজবাগ,54
61,31,মাইজবাগ,54
61,31,মগটুলা,63
61,31,মগটুলা,63
61,31,রাজিবপুর,67
61,31,রাজিবপুর,67
61,31,সরিষা,76
61,31,সরিষা,76
61,31,সরিষা,76
61,31,সোহাগী,85
61,31,তরুনদিয়া,90
61,31,তরুনদিয়া,90
61,31,উচাখিলা,94
61,31,উচাখিলা,94
61,31,উচাখিলা,94
61,52,আকুয়া,23
61,52,আষ্টধার,25
61,52,আষ্টধার,25
61,52,বয়ড়া,27
61,52,বয়ড়া,27
61,52,বয়ড়া,27
61,52,ভাবখালী,29
61,52,বোররচর,31
61,52,বোররচর,31
61,52,চর ঈশ্বরদিয়া ,33
61,52,চর নীলক্ষীয়া,40
61,52,দাপুনিয়া ,47
61,52,ঘাগড়া ইউনিয়ন,54
61,52,ঘাগড়া ইউনিয়ন,54
61,52,খাগডহর ইউনিয়ন,67
61,52,কুষ্টিয়া ইউনিয়ন,74
61,52,কুষ্টিয়া ইউনিয়ন,74
61,52,কুষ্টিয়া ইউনিয়ন,74
61,52,কুষ্টিয়া ইউনিয়ন,74
61,52,পরানগঞ্জ ইউনিয়ন,88
61,52,পরানগঞ্জ ইউনিয়ন,88
61,52,সিরতা ইউনিয়ন,94
61,65,বড়গ্রাম,16
61,65,বড়গ্রাম,16
61,65,বাশাঁটি,17
61,65,বাশাঁটি,17
61,65,বাশাঁটি,17
61,65,বাশাঁটি,17
61,65,দাওগাঁও,25
61,65,দাওগাঁও,25
61,65,দাওগাঁও,25
61,65,দুল্লা,34
61,65,দুল্লা,34
61,65,দুল্লা,34
61,65,ঘোগা,43
61,65,ঘোগা,43
61,65,ঘোগা,43
61,65,ঘোগা,43
61,65,ঘোগা,43
61,65,ঘোগা,43
61,65,কাশিমপুর,51
61,65,কাশিমপুর,51
61,65,কাশিমপুর,51
61,65,খেরুয়াজানী,60
61,65,খেরুয়াজানী,60
61,65,খেরুয়াজানী,60
61,65,খেরুয়াজানী,60
61,65,কুমারগাতা,69
61,65,কুমারগাতা,69
61,65,মানকোন ,77
61,65,মানকোন ,77
61,65,মানকোন ,77
61,65,মানকোন ,77
61,65,তারাটি,94
61,65,তারাটি,94
61,65,তারাটি,94
61,65,তারাটি,94
61,65,তারাটি,94
61,65,তারাটি,94
61,72,আচারগাঁও,13
61,72,বেতাগৈর,15
61,72,বেতাগৈর,15
61,72,বেতাগৈর,15
61,72,চন্ডীপাশা,23
61,72,চন্ডীপাশা,23
61,72,গাংগাইল,31
61,72,গাংগাইল,31
61,72,জাহাঙ্গীরপুর,39
61,72,মোয়াজ্জেমপুর,55
61,72,মুসুল্লী,63
61,72,মুসুল্লী,63
61,72,নান্দাইল,71
61,72,রাজগাতী,79
61,72,রাজগাতী,79
61,72,রাজগাতী,79
61,72,রাজগাতী,79
61,72,শেরপুর,87
61,72,শেরপুর,87
61,72,শেরপুর,87
61,81,বালিয়া,11
61,81,বালিয়া,11
61,81,বালিখা,12
61,81,বালিখা,12
61,81,বালিখা,12
61,81,বানিহালা,13
61,81,বানিহালা,13
61,81,বানিহালা,13
61,81,ভাইটকান্দি,18
61,81,ভাইটকান্দি,18
61,81,বিস্কা,22
61,81,বিস্কা,22
61,81,বিস্কা,22
61,81,বওলা,27
61,81,বওলা,27
61,81,ঢাকুয়া,31
61,81,গালাগাঁও,36
61,81,গালাগাঁও,36
61,81,কাকনী,40
61,81,কাকনী,40
61,81,কাকনী,40
61,81,কামারগাঁও,45
61,81,কামারগাঁও,45
61,81,কামারগাঁও,45
61,81,কামারিয়া,49
61,81,কামারিয়া,49
61,81,পয়ারী,54
61,81,পয়ারী,54
61,81,পয়ারী,54
61,81,ফুলপুর,58
61,81,ফুলপুর,58
61,81,রহিমগঞ্জ,63
61,81,রহিমগঞ্জ,63
61,81,রামভদ্রপুর,67
61,81,রামভদ্রপুর,67
61,81,রামভদ্রপুর,67
61,81,রামপুর,72
61,81,রামপুর,72
61,81,রামপুর,72
61,81,রুপসী,76
61,81,ছনধরা,81
61,81,সিংহেশ্বর,90
61,81,সিংহেশ্বর,90
61,81,তারাকান্দা,94
61,81,তারাকান্দা,94
61,81,তারাকান্দা,94
61,81,তারাকান্দা,94
61,94,আমিরাবাড়ী,13
61,94,আমিরাবাড়ী,13
61,94,বৈলর,15
61,94,বালিপাড়া,19
61,94,বালিপাড়া,19
61,94,ধানীখোলা,28
61,94,ধানীখোলা,28
61,94,ধানীখোলা,28
61,94,হরিরামপুর,38
61,94,কানিহারী,47
61,94,কানিহারী,47
61,94,কাঠাঁল,57
61,94,কাঠাঁল,57
61,94,মঠবাড়ী,61
61,94,মঠবাড়ী,61
61,94,মঠবাড়ী,61
61,94,মোকশাপুর,63
61,94,মোকশাপুর,63
61,94,রামপুর,66
61,94,সাখুয়া,76
61,94,সাখুয়া,76
61,94,ত্রিশাল,85
61,94,ত্রিশাল,85
67,2,বিশনন্দী,26
67,2,বিশনন্দী,26
67,2,ব্রাক্ষ্মন্দী,29
67,2,ব্রাক্ষ্মন্দী,29
67,2,দুপ্তারা,31
67,2,দুপ্তারা,31
67,2,ফতেপুর,39
67,2,ফতেপুর,39
67,2,ফতেপুর,39
67,2,হাইজাদী,47
67,2,হাইজাদী,47
67,2,কালাপাহাড়িয়া,55
67,2,কালাপাহাড়িয়া,55
67,2,খাদকান্দা,63
67,2,খাদকান্দা,63
67,2,মাহমুদপুর,71
67,2,মাহমুদপুর,71
67,2,সাতগ্রাম,87
67,2,সাতগ্রাম,87
67,2,উচিৎপুরা,94
67,2,উচিৎপুরা,94
67,4,বৈদ্দের বাজার,24
67,4,বৈদ্দের বাজার,24
67,4,বৈদ্দের বাজার,24
67,4,বারদী,27
67,4,বারদী,27
67,4,জামপুর,34
67,4,জামপুর,34
67,4,জামপুর,34
67,4,জামপুর,34
67,4,কাঁচপুর,43
67,4,কাঁচপুর,43
67,4,মোগরাপাড়া,51
67,4,মোগরাপাড়া,51
67,4,নোয়াগাঁও,60
67,4,নোয়াগাঁও,60
67,4,নোয়াগাঁও,60
67,4,পিরোজপুর,69
67,4,পিরোজপুর,69
67,4,সাদিপুর,77
67,4,সাদিপুর,77
67,4,শম্ভুপুরা,86
67,4,শম্ভুপুরা,86
67,4,সনমান্দী,94
67,4,সনমান্দী,94
67,6,বন্দর,15
67,6,বন্দর,15
67,6,ধামগড়,31
67,6,কলাগাছিয়া,47
67,6,কলাগাছিয়া,47
67,6,মদনপুর,63
67,6,মুছাপুর,79
67,6,মুছাপুর,79
67,6,মুছাপুর,79
67,58,আলীরটেক,20
67,58,আলীরটেক,20
67,58,আলীরটেক,20
67,58,আলীরটেক,20
67,58,বক্তাবলী,25
67,58,বক্তাবলী,25
67,58,বক্তাবলী,25
67,58,এনায়েতনগর,31
67,58,এনায়েতনগর,31
67,58,ফতুল্লা,37
67,58,গোগনগর,47
67,58,গোগনগর,47
67,58,গোগনগর,47
67,58,কাশিপুর,63
67,58,কাশিপুর,63
67,58,কুতুবপুর,79
67,58,কুতুবপুর,79
67,58,কুতুবপুর,79
67,68,ভোলাব,22
67,68,ভোলাব,22
67,68,ভোলাব,22
67,68,ভূলতা,25
67,68,ভূলতা,25
67,68,ভূলতা,25
67,68,ভূলতা,25
67,68,দাউদপুর,31
67,68,দাউদপুর,31
67,68,গোলাকান্দাইল,39
67,68,গোলাকান্দাইল,39
67,68,কায়েতপাড়া,55
67,68,কায়েতপাড়া,55
67,68,কায়েতপাড়া,55
67,68,মুড়াপাড়া,63
67,68,মুড়াপাড়া,63
67,68,মুড়াপাড়া,63
67,68,মুড়াপাড়া,63
67,68,রূপগঞ্জ,79
67,68,রূপগঞ্জ,79
68,7,আমলাব,11
68,7,আমলাব,11
68,7,বাজনাব,13
68,7,বাজনাব,13
68,7,বাজনাব,13
68,7,বেলাব,20
68,7,বেলাব,20
68,7,বেলাব,20
68,7,বিন্নাবাইদ,25
68,7,বিন্নাবাইদ,25
68,7,বিন্নাবাইদ,25
68,7,চরউজিলাব,31
68,7,চরউজিলাব,31
68,7,নারায়নপুর,59
68,7,নারায়নপুর,59
68,7,পাটুলী,71
68,7,পাটুলী,71
68,7,পাটুলী,71
68,7,পাটুলী,71
68,7,পাটুলী,71
68,7,পাটুলী,71
68,7,সল্লাবাদ,83
68,7,সল্লাবাদ,83
68,7,সল্লাবাদ,83
68,52,বড়চাপা,21
68,52,বড়চাপা,21
68,52,চালাকচর,27
68,52,চালাকচর,27
68,52,চন্দনবাড়ী,33
68,52,চন্দনবাড়ী,33
68,52,চরমান্দালিয়া,40
68,52,চরমান্দালিয়া,40
68,52,দৌলতপুর,47
68,52,দৌলতপুর,47
68,52,একদুরিয়া,54
68,52,একদুরিয়া,54
68,52,গোতাশিয়া,61
68,52,গোতাশিয়া,61
68,52,কচিকাটা,67
68,52,খিদিরপুর,74
68,52,খিদিরপুর,74
68,52,খিদিরপুর,74
68,52,লেবুতলা,81
68,52,লেবুতলা,81
68,52,শুকুন্দি,94
68,52,শুকুন্দি,94
68,60,আলোকবালি,20
68,60,আলোকবালি,20
68,60,আলোকবালি,20
68,60,আলোকবালি,20
68,60,আলোকবালি,20
68,60,আমাদিয়া,21
68,60,আমাদিয়া,21
68,60,চর দিঘলদী,23
68,60,চর দিঘলদী,23
68,60,চিনিশপুর,25
68,60,চিনিশপুর,25
68,60,চিনিশপুর,25
68,60,চিনিশপুর,25
68,60,চিনিশপুর,25
68,60,হাজীপুর,29
68,60,হাজীপুর,29
68,60,করিমপুর,41
68,60,করিমপুর,41
68,60,কাঠালিয়া,47
68,60,কাঠালিয়া,47
68,60,নুরালাপুর,53
68,60,নুরালাপুর,53
68,60,মহিষাশুড়া,59
68,60,মহিষাশুড়া,59
68,60,মেহেড়পাড়া,65
68,60,মেহেড়পাড়া,65
68,60,মেহেড়পাড়া,65
68,60,নজরপুর,77
68,60,নজরপুর,77
68,60,পাইকার চর,83
68,60,পাইকার চর,83
68,60,পাচঁদোনা,89
68,60,পাচঁদোনা,89
68,60,শিলমান্দী,95
68,60,শিলমান্দী,95
68,63,চর সিন্দুর,15
68,63,চর সিন্দুর,15
68,63,ডাঙ্গা,31
68,63,ডাঙ্গা,31
68,63,গজারিয়া,47
68,63,গজারিয়া,47
68,63,গজারিয়া,47
68,63,জিনারদী,79
68,63,জিনারদী,79
68,64,আমিরগঞ্জ,10
68,64,আমিরগঞ্জ,10
68,64,আদিয়াবাদ,12
68,64,আদিয়াবাদ,12
68,64,আদিয়াবাদ,12
68,64,অলিপুরা,14
68,64,অলিপুরা,14
68,64,বাঁশগাড়ী,16
68,64,বাঁশগাড়ী,16
68,64,চাঁন্দেরকান্দি,23
68,64,চাঁন্দেরকান্দি,23
68,64,চাঁন্দেরকান্দি,23
68,64,চাঁন্দেরকান্দি,23
68,64,চাঁনপুর,27
68,64,চাঁনপুর,27
68,64,চাঁনপুর,27
68,64,চরআড়ালিয়া,30
68,64,চরআড়ালিয়া,30
68,64,চরআড়ালিয়া,30
68,64,চরআড়ালিয়া,30
68,64,চরমধুয়া,33
68,64,চরমধুয়া,33
68,64,চরসুবুদ্দি,37
68,64,চরসুবুদ্দি,37
68,64,ডৌকারচর,40
68,64,ডৌকারচর,40
68,64,হাইরমারা,44
68,64,হাইরমারা,44
68,64,হাইরমারা,44
68,64,মহেষপুর,47
68,64,মহেষপুর,47
68,64,মহেষপুর,47
68,64,মরজল,50
68,64,মরজল,50
68,64,মরজল,50
68,64,মরজল,50
68,64,মরজল,50
68,64,মির্জানগর,54
68,64,মির্জানগর,54
68,64,মির্জাপুর,57
68,64,মির্জাপুর,57
68,64,মির্জারচর,61
68,64,মির্জারচর,61
68,64,মির্জারচর,61
68,64,মুছাপুর,64
68,64,মুছাপুর,64
68,64,মুছাপুর,64
68,64,নিলক্ষ্যা,71
68,64,নিলক্ষ্যা,71
68,64,পলাশতলী,74
68,64,পলাশতলী,74
68,64,পলাশতলী,74
68,64,পলাশতলী,74
68,64,পাড়াতলী,78
68,64,পাড়াতলী,78
68,64,রাধানগর,81
68,64,রাধানগর,81
68,64,রায়পুরা,84
68,64,রায়পুরা,84
68,64,শ্রীনগর,91
68,64,শ্রীনগর,91
68,64,উত্তর বাখরনগর,94
68,64,উত্তর বাখরনগর,94
68,64,উত্তর বাখরনগর,94
68,64,উত্তর বাখরনগর,94
68,76,আয়ুবপুর,10
68,76,আয়ুবপুর,10
68,76,বাঘাব,21
68,76,বাঘাব,21
68,76,চক্রধা,31
68,76,চক্রধা,31
68,76,দুলালপুর,42
68,76,দুলালপুর,42
68,76,যোশর,52
68,76,যোশর,52
68,76,জয়নগর,63
68,76,জয়নগর,63
68,76,মাসিমপুর,73
68,76,মাসিমপুর,73
68,76,পুটিয়া,84
68,76,পুটিয়া,84
68,76,সাধারচর,94
68,76,সাধারচর,94
68,76,সাধারচর,94
72,4,বানিয়াজান,11
72,4,বানিয়াজান,11
72,4,দুওজ,23
72,4,দুওজ,23
72,4,লুনেশ্বর,35
72,4,লুনেশ্বর,35
72,4,স্বরমুশিয়া,47
72,4,স্বরমুশিয়া,47
72,4,স্বরমুশিয়া,47
72,4,সুখারী,59
72,4,সুখারী,59
72,4,শুনই,71
72,4,শুনই,71
72,4,তেলিগাতী,83
72,4,তেলিগাতী,83
72,9,আসমা,11
72,9,আসমা,11
72,9,বারহাট্টা,23
72,9,বারহাট্টা,23
72,9,বাউসী,35
72,9,বাউসী,35
72,9,চিরাম,47
72,9,চিরাম,47
72,9,রায়পুর,59
72,9,রায়পুর,59
72,9,সাহতা,71
72,9,সাহতা,71
72,9,সিংধা,83
72,9,সিংধা,83
72,18,বাকলজোড়া,12
72,18,বিরিশিরি,17
72,18,চন্ডিগড়,25
72,18,দুর্গাপুর,51
72,18,দুর্গাপুর,51
72,18,কুল্লাগড়া,86
72,38,চাকুয়া,13
72,38,খালিয়াজুরী,40
72,38,খালিয়াজুরী,40
72,38,খালিয়াজুরী,40
72,38,কৃষ্ণপুর,54
72,38,মেন্দিপুর,67
72,38,মেন্দিপুর,67
72,38,মেন্দিপুর,67
72,38,মেন্দিপুর,67
72,38,নগর,81
72,38,নগর,81
72,40,বড়খাপন,11
72,40,বড়খাপন,11
72,40,কৈলাটী,23
72,40,কৈলাটী,23
72,40,কৈলাটী,23
72,40,কলমাকান্দা,35
72,40,কলমাকান্দা,35
72,40,কলমাকান্দা,35
72,40,কলমাকান্দা,35
72,40,খারনৈ,47
72,40,খারনৈ,47
72,40,খারনৈ,47
72,40,লেংগুরা,59
72,40,নাজিরপুর,71
72,40,নাজিরপুর,71
72,40,নাজিরপুর,71
72,40,পোগলা,83
72,40,পোগলা,83
72,40,রংছাতী,95
72,40,রংছাতী,95
72,47,আসুজিয়া,11
72,47,আসুজিয়া,11
72,47,বলাইশিমুল,13
72,47,বলাইশিমুল,13
72,47,চিরাং,20
72,47,চিরাং,20
72,47,চিরাং,20
72,47,দলপা,27
72,47,দলপা,27
72,47,গড়াডোবা,33
72,47,গড়াডোবা,33
72,47,গন্ডা,40
72,47,গন্ডা,40
72,47,কান্দিউড়া,47
72,47,কান্দিউড়া,47
72,47,কান্দিউড়া,47
72,47,মাসকা,61
72,47,মাসকা,61
72,47,মোজাফ্‌ফরপুর,67
72,47,মোজাফ্‌ফরপুর,67
72,47,নওপাড়া,74
72,47,নওপাড়া,74
72,47,পাইকুড়া,81
72,47,পাইকুড়া,81
72,47,রোয়াইলবাড়ি আমতলা,88
72,47,রোয়াইলবাড়ি আমতলা,88
72,47,রোয়াইলবাড়ি আমতলা,88
72,47,সান্দিকোনা,94
72,47,সান্দিকোনা,94
72,56,ফতেপুর,10
72,56,ফতেপুর,10
72,56,গোবিন্দশ্রী,21
72,56,গোবিন্দশ্রী,21
72,56,চাঁনগাও,31
72,56,চাঁনগাও,31
72,56,কাইটাল,42
72,56,কাইটাল,42
72,56,মদন ,52
72,56,মদন ,52
72,56,মাঘান,63
72,56,মাঘান,63
72,56,নায়েকপুর,73
72,56,তিয়শ্রী,84
72,56,তিয়শ্রী,84
72,56,তিয়শ্রী,84
72,63,বড়কাশিয়া বিরামপুর,10
72,63,বড়কাশিয়া বিরামপুর,10
72,63,বড়কাশিয়া বিরামপুর,10
72,63,বড়কাশিয়া বিরামপুর,10
72,63,বড়তলী বানিহারী,21
72,63,গাগলাজুর,31
72,63,গাগলাজুর,31
72,63,গাগলাজুর,31
72,63,গাগলাজুর,31
72,63,মাগান সিয়াদার,42
72,63,মাগান সিয়াদার,42
72,63,সমাজ সহিলদেও,63
72,63,সমাজ সহিলদেও,63
72,63,সুয়াইর,73
72,63,সুয়াইর,73
72,63,তেঁতুলিয়া,84
72,63,তেঁতুলিয়া,84
72,63,তেঁতুলিয়া,84
72,63,তেঁতুলিয়া,84
72,74,আমতলা,13
72,74,আমতলা,13
72,74,চল্লিশা,15
72,74,দক্ষিণ বিশিউরা,23
72,74,কাইলাটি,31
72,74,কাইলাটি,31
72,74,কালিয়ারা গাবলাগাতি,39
72,74,লক্ষ্মীগঞ্জ,47
72,74,লক্ষ্মীগঞ্জ,47
72,74,মদনপুর,54
72,74,মদনপুর,54
72,74,মেদনী,55
72,74,মেদনী,55
72,74,মৌগাতি,63
72,74,মৌগাতি,63
72,74,রৌহা,79
72,74,সিংগের বাংলা,87
72,74,সিংগের বাংলা,87
72,74,ঠাকুরাকোনা,94
72,74,ঠাকুরাকোনা,94
72,74,ঠাকুরাকোনা,94
72,74,ঠাকুরাকোনা,94
72,83,আগিয়া,13
72,83,আগিয়া,13
72,83,বৈরাটি,15
72,83,বৈরাটি,15
72,83,বিশকাকুনি,23
72,83,বিশকাকুনি,23
72,83,ধলামুলগাঁও,31
72,83,ধলামুলগাঁও,31
72,83,ঘাগড়া,39
72,83,ঘাগড়া,39
72,83,গোহালাকান্দা,55
72,83,গোহালাকান্দা,55
72,83,হোগলা,63
72,83,হোগলা,63
72,83,জারিয়া,71
72,83,জারিয়া,71
72,83,জারিয়া,71
72,83,খালিশাউর,79
72,83,খালিশাউর,79
72,83,নারান্দিয়া,87
72,83,নারান্দিয়া,87
72,83,পূর্বধলা,94
72,83,পূর্বধলা,94
82,7,বহরপুর,17
82,7,বহরপুর,17
82,7,বালিয়াকান্দি,19
82,7,বালিয়াকান্দি,19
82,7,বালিয়াকান্দি,19
82,7,ইসলামপুর,47
82,7,ইসলামপুর,47
82,7,জামালপুর,57
82,7,জামালপুর,57
82,7,জংগল,66
82,7,জংগল,66
82,7,নারুয়া,85
82,7,নারুয়া,85
82,7,নবাবপুর,95
82,7,নবাবপুর,95
82,7,নবাবপুর,95
82,29,ছোট ভাকলা,19
82,29,ছোট ভাকলা,19
82,29,ছোট ভাকলা,19
82,29,দৌলতদিয়া,38
82,29,দৌলতদিয়া,38
82,29,দেবগ্রাম,57
82,29,দেবগ্রাম,57
82,29,উজান চর,76
82,29,উজান চর,76
82,47,বোয়ালিয়া,18
82,47,বোয়ালিয়া,18
82,47,কালিকাপুর,30
82,47,কালিকাপুর,30
82,47,মাজবাড়ী,55
82,47,মাজবাড়ী,55
82,47,মদাপুর,60
82,47,মদাপুর,60
82,47,মৃগী,70
82,47,রতনদিয়া,85
82,47,রতনদিয়া,85
82,47,সাওরাইল,95
82,47,সাওরাইল,95
82,47,সাওরাইল,95
82,73,বাহাদুরপুর,16
82,73,হাবাসপুর,20
82,73,হাবাসপুর,20
82,73,যশাই,25
82,73,যশাই,25
82,73,কলিমহর,35
82,73,কসবামা জাইল,40
82,73,কসবামা জাইল,40
82,73,মাছ পাড়া,50
82,73,মৌরাট,65
82,73,মৌরাট,65
82,73,বাবুপাড়া,75
82,73,বাবুপাড়া,75
82,73,পাট্টা,80
82,73,পাট্টা,80
82,73,সরিষা,90
82,76,আলীপুর,12
82,76,আলীপুর,12
82,76,বানীবহ,14
82,76,বরাট,21
82,76,বরাট,21
82,76,বসন্তপুর,29
82,76,বসন্তপুর,29
82,76,চন্দনী,32
82,76,চন্দনী,32
82,76,দাদশী,36
82,76,দাদশী,36
82,76,খানখানাপুর,43
82,76,খানখানাপুর,43
82,76,খানগঞ্জ,45
82,76,মিজানপুর,51
82,76,মিজানপুর,51
82,76,মুলঘর,58
82,76,মুলঘর,58
82,76,পাঁচুরিয়া,65
82,76,পাঁচুরিয়া,65
82,76,রামকান্তপুর,80
82,76,রামকান্তপুর,80
82,76,শহীদ ওহাবপুর,87
82,76,শহীদ ওহাবপুর,87
82,76,শহীদ ওহাবপুর,87
82,76,শহীদ ওহাবপুর,87
82,76,সুলতানপুর,94
82,76,সুলতানপুর,94
86,14,চর কুমারিয়া,17
86,14,ছয়গাঁও,25
86,14,চর সেনসাস,28
86,14,চর সেনসাস,28
86,14,চর সেনসাস,28
86,14,দক্ষিণ তারাবুনিয়া,32
86,14,ডি.এমখালী,43
86,14,মহিষার,60
86,14,মহিষার,60
86,14,নারায়ণপুর,69
86,14,রামভদ্রপুর,77
86,14,সখিপুর,86
86,14,সখিপুর,86
86,14,উত্তর তারাবুনিয়া,94
86,25,ধানকাঠি,35
86,25,ইসলামপুর,40
86,25,ইসলামপুর,40
86,25,কানেশ্বর,47
86,25,পূর্ব দামুড্যা,59
86,36,গরীবের চর,11
86,36,গোসাইরহাট,23
86,36,ইদিলপুর,35
86,36,কোদালপুর,47
86,36,কুচাইপট্টি,51
86,36,নাগের পাড়া,59
86,36,নলমুড়ি,71
86,36,সামন্তসার,83
86,36,সামন্তসার,83
86,65,ভোজেশ্বর,11
86,65,ভোজেশ্বর,11
86,65,ভূমখারা,12
86,65,বিঝারী,18
86,65,চামটা,25
86,65,চর আত্রা,31
86,65,ডিংগামানিক,37
86,65,ফতেজংপুর,44
86,65,ঘড়িষার,50
86,65,জপসা,56
86,65,জপসা,56
86,65,কেদারপুর,63
86,65,নশাসন,82
86,65,নওপাড়া,88
86,65,রাজনগর,94
86,69,আংগারিয়া,17
86,69,চিকন্দি,38
86,69,চিকন্দি,38
86,69,ডোমসার,57
86,69,মাহমুদপুর,62
86,69,রুদ্রকর,76
86,69,রুদ্রকর,76
86,94,বড় গোপালপুর,12
86,94,বড় কান্দি,14
86,94,বড় কান্দি,14
86,94,বিলাশপুর,29
86,94,বিলাশপুর,29
86,94,জয়নগর,43
86,94,জয়নগর,43
86,94,কুন্ডেরচর,51
86,94,কুন্ডেরচর,51
86,94,মূলনা,58
86,94,মূলনা,58
86,94,পালেরচর,73
86,94,পালেরচর,73
86,94,পূর্ব নাওডোবা,80
86,94,সেনেরচর,87
86,94,জাজিরা,94
86,94,জাজিরা,94
89,37,ধানশাইল,12
89,37,ধানশাইল,12
89,37,গৌরীপুর,15
89,37,হাতিবান্দা,17
89,37,ঝিনাইগাতী,25
89,37,কাংশা,43
89,37,কাংশা,43
89,37,কাংশা,43
89,37,মালিঝিকান্দা,50
89,37,মালিঝিকান্দা,50
89,37,নলকুরা,60
89,37,নলকুরা,60
89,67,বানেশ্বর্দী,17
89,67,বানেশ্বর্দী,17
89,67,চন্দ্রকোনা,19
89,67,চন্দ্রকোনা,19
89,67,চর অষ্টধর,28
89,67,গণপদ্দী,38
89,67,গৌড়দ্বার,47
89,67,গৌড়দ্বার,47
89,67,নকলা,57
89,67,পাঠাকাটা,66
89,67,পাঠাকাটা,66
89,67,টালকি,76
89,67,উরফা,85
89,67,উরফা,85
89,70,বাঘবেড়,30
89,70,বাঘবেড়,30
89,70,বাঘবেড়,30
89,70,যোগনিয়া,34
89,70,কাকরকান্দি,38
89,70,কলসপাড়,41
89,70,নালিতাবাড়ী,51
89,70,নালিতাবাড়ী,51
89,70,নালিতাবাড়ী,51
89,70,নয়াবীল,55
89,70,নন্নী,69
89,70,মরিচপুরাণ,72
89,70,পোড়গাও,75
89,70,পোড়গাও,75
89,70,রাজনগর,77
89,70,রাজনগর,77
89,70,রাজনগর,77
89,70,রাজনগর,77
89,70,রামচন্দ্রকুড়া,86
89,70,রামচন্দ্রকুড়া,86
89,70,রামচন্দ্রকুড়া,86
89,70,রামচন্দ্রকুড়া,86
89,70,রুপনারায়নকুড়া,94
89,88,বাজিতখিলা,11
89,88,বাজিতখিলা,11
89,88,বাজিতখিলা,11
89,88,বালাইর চর,13
89,88,বালাইর চর,13
89,88,বেতমারি ঘুঘুরকান্দি,15
89,88,বেতমারি ঘুঘুরকান্দি,15
89,88,ভাতশালা,20
89,88,ভাতশালা,20
89,88,চর মচোরিয়া,27
89,88,চর মচোরিয়া,27
89,88,চর পক্ষীমারি,33
89,88,চর পক্ষীমারি,33
89,88,চর পক্ষীমারি,33
89,88,চর শেরপুর,40
89,88,ধলা,47
89,88,ধলা,47
89,88,গাজির খামার,54
89,88,গাজির খামার,54
89,88,গাজির খামার,54
89,88,কামারের চর,61
89,88,কামারের চর,61
89,88,কামারিয়া,67
89,88,কামারিয়া,67
89,88,লসমণপুর,74
89,88,লসমণপুর,74
89,88,পাকুরিয়া,81
89,88,পাকুরিয়া,81
89,88,রাউহা,88
89,88,রাউহা,88
89,88,রাউহা,88
89,88,রাউহা,88
89,90,ভালুয়া,15
89,90,ভালুয়া,15
89,90,গড়জরিপা,31
89,90,গোশাইরপুর,39
89,90,কাকিলাকুড়া,47
89,90,খারিয়া কাজিরচর,55
89,90,খারিয়া কাজিরচর,55
89,90,কুড়িকাহানিয়া,63
89,90,রাণীশিমুল,71
89,90,সিংগাবারুনা,79
89,90,শ্রীবরদী,86
89,90,তাতীহাটি,94
93,9,বাসাইল,11
93,9,বাসাইল,11
93,9,বাসাইল,11
93,9,ফুলকি,35
93,9,ফুলকি,35
93,9,ফুলকি,35
93,9,ফুলকি,35
93,9,ফুলকি,35
93,9,হাবলা,47
93,9,হাবলা,47
93,9,কাঞ্চনপুর,59
93,9,কাঞ্চনপুর,59
93,9,কাশিল,71
93,9,কাশিল,71
93,9,কাউলজানী,83
93,9,কাউলজানী,83
93,19,অলোয়া,27
93,19,অলোয়া,27
93,19,ফলদা,40
93,19,গাবসারা,54
93,19,গাবসারা,54
93,19,গোবিন্দাসী,67
93,19,নিকরাইল,81
93,23,আটিয়া,11
93,23,আটিয়া,11
93,23,দেলদুয়ার,23
93,23,দেলদুয়ার,23
93,23,দেলদুয়ার,23
93,23,দেউলী,35
93,23,দেউলী,35
93,23,ডুবাইল,41
93,23,এলাসিন,47
93,23,ফাজিলহাটি,59
93,23,লাউহাটি,65
93,23,পাথরাইল,71
93,23,পাথরাইল,71
93,25,বলিভদ্র,21
93,25,বলিভদ্র,21
93,25,বানিয়াজান,25
93,25,বীরতারা,38
93,25,বীরতারা,38
93,25,ধোপাখালী,57
93,25,ধোপাখালী,57
93,25,যদুনাথপুর,68
93,25,যদুনাথপুর,68
93,25,মুশুদ্দি,80
93,25,মুশুদ্দি,80
93,25,পাইস্কা,85
93,25,পাইস্কা,85
93,28,আনেহলা,15
93,28,আনেহলা,15
93,28,দেউলাবাড়ি,17
93,28,দেওপাড়া,25
93,28,ধলাপাড়া,34
93,28,দিঘলকান্দি,43
93,28,দিঘলকান্দি,43
93,28,দিগড়,51
93,28,দিগড়,51
93,28,দিগড়,51
93,28,দিগড়,51
93,28,দিগড়,51
93,28,ঘাটাইল,60
93,28,ঘাটাইল,60
93,28,জামুরিয়া,69
93,28,জামুরিয়া,69
93,28,জামুরিয়া,69
93,28,লোকেরপাড়া,77
93,28,লোকেরপাড়া,77
93,28,রসুলপুর,86
93,28,রসুলপুর,86
93,28,সন্ধানপুর,94
93,38,আলমনগর,17
93,38,আলমনগর,17
93,38,ধোপাকান্দি,21
93,38,ধোপাকান্দি,21
93,38,ধোপাকান্দি,21
93,38,হাদিরা,58
93,38,হাদিরা,58
93,38,হেমনগর,65
93,38,ঝাওয়াইল,73
93,38,মির্জাপুর,80
93,38,মির্জাপুর,80
93,38,নগদাসিমলা,94
93,38,নগদাসিমলা,94
93,38,নগদাসিমলা,94
93,47,বল্লা,12
93,47,বল্লা,12
93,47,বাংড়া,14
93,47,বাংড়া,14
93,47,বীরবাসিন্দা,21
93,47,বীরবাসিন্দা,21
93,47,দশকিয়া,25
93,47,দুর্গাপুর,29
93,47,দুর্গাপুর,29
93,47,গোহালিয়া বাড়ী,43
93,47,গোহালিয়া বাড়ী,43
93,47,গোহালিয়া বাড়ী,43
93,47,গোহালিয়া বাড়ী,43
93,47,কোকডহরা,58
93,47,নাগবাড়ী,65
93,47,নারান্দিয়া,73
93,47,নারান্দিয়া,73
93,47,পাইকড়া,80
93,47,পারখী,83
93,47,সাল্লা,87
93,47,সাল্লা,87
93,47,সাল্লা,87
93,47,সহদেবপুর,94
93,47,সহদেবপুর,94
93,57,আলোকদিয়া,21
93,57,আলোকদিয়া,21
93,57,আরণখোলা,24
93,57,আউশনারা,28
93,57,গোলাবাড়ী,66
93,57,গোলাবাড়ী,66
93,57,মির্জাবাড়ী,78
93,57,মির্জাবাড়ী,78
93,57,শোলাকুড়ি,92
93,57,শোলাকুড়ি,92
93,57,শোলাকুড়ি,92
93,66,আজগানা,13
93,66,আজগানা,13
93,66,আজগানা,13
93,66,আনাইতারা,15
93,66,আনাইতারা,15
93,66,বহুরিয়া,23
93,66,বানাইল,31
93,66,বানাইল,31
93,66,বাঁশতৈল,34
93,66,বাঁশতৈল,34
93,66,বাঁশতৈল,34
93,66,বাঁশতৈল,34
93,66,বাঁশতৈল,34
93,66,ভাওড়া,36
93,66,ভাওড়া,36
93,66,ভাওড়া,36
93,66,ভাতগ্রাম,39
93,66,ফতেপুর,47
93,66,গোড়াই,55
93,66,গোড়াই,55
93,66,জামুর্কী,63
93,66,জামুর্কী,63
93,66,লতিফপুর,67
93,66,লতিফপুর,67
93,66,মহেড়া,71
93,66,তরফপুর,87
93,66,ওয়ার্শী,94
93,66,ওয়ার্শী,94
93,76,বেকড়া আটগ্রাম,10
93,76,ভাদ্রা,12
93,76,ভাদ্রা,12
93,76,দপ্তিয়র,21
93,76,দপ্তিয়র,21
93,76,দপ্তিয়র,21
93,76,ধুবড়িয়া,36
93,76,গয়হাটা,43
93,76,গয়হাটা,43
93,76,মামুদনগর,58
93,76,মামুদনগর,58
93,76,মোকনা,65
93,76,নাগরপুর,73
93,76,নাগরপুর,73
93,76,পাকুটিয়া,80
93,76,সহবতপুর,87
93,76,সহবতপুর,87
93,76,সলিমাবাদ,94
93,76,সলিমাবাদ,94
93,85,বহেড়াতৈল,13
93,85,বহেড়াতৈল,13
93,85,বহেড়াতৈল,13
93,85,দাড়িয়াপুর,21
93,85,গজারিয়া,27
93,85,হাতীবান্ধা,40
93,85,যাদবপুর,54
93,85,কাকড়াজান,67
93,85,কাকড়াজান,67
93,85,কালিয়া,81
93,85,কালিয়া,81
93,85,কালিয়া,81
93,85,কালমেঘা,83
93,95,বাঘিল,37
93,95,বাঘিল,37
93,95,দাইন্যা,39
93,95,দাইন্যা,39
93,95,গালা,41
93,95,গালা,41
93,95,ঘারিন্দা,47
93,95,ঘারিন্দা,47
93,95,ঘারিন্দা,47
93,95,হুগড়া,53
93,95,হুগড়া,53
93,95,করটিয়া,59
93,95,করটিয়া,59
93,95,কাতুলী,65
93,95,কাতুলী,65
93,95,কাকুয়া,71
93,95,কাকুয়া,71
93,95,মগড়া,77
93,95,মগড়া,77
93,95,ছিলিমপুর,83
93,95,ছিলিমপুর,83
93,95,পোড়াবাড়ী,90
93,95,পোড়াবাড়ী,90
1,8,বারুইপাড়া,17
1,8,বারুইপাড়া,17
1,8,বারুইপাড়া,17
1,8,বেমরতা,25
1,8,বেমরতা,25
1,8,বিষ্ণুপুর,34
1,8,বিষ্ণুপুর,34
1,8,ডেমা,35
1,8,ডেমা,35
1,8,ডেমা,35
1,8,গোটাপাড়া,51
1,8,গোটাপাড়া,51
1,8,যাত্রাপুর,60
1,8,কাড়াপাড়া,69
1,8,কাড়াপাড়া,69
1,8,খানপুর,77
1,8,খানপুর,77
1,8,খানপুর,77
1,8,রাখালগাছি,86
1,8,রাখালগাছি,86
1,8,রাখালগাছি,86
1,8,ষাটগুম্বুজ,94
1,8,ষাটগুম্বুজ,94
1,14,চর বানিয়ারী,15
1,14,চর বানিয়ারী,15
1,14,বড়বাড়িয়া,19
1,14,বড়বাড়িয়া,19
1,14,চিতলমারী,31
1,14,হিজলা,47
1,14,সন্তোষপুর,63
1,14,সন্তোষপুর,63
1,14,কলাতলা,66
1,14,কলাতলা,66
1,14,শিবপুর,79
1,34,বাহিরদিয়া মনসা,10
1,34,বাহিরদিয়া মনসা,10
1,34,বেতাগা,21
1,34,বেতাগা,21
1,34,ফকিরহাট,31
1,34,ফকিরহাট,31
1,34,লখপুর,42
1,34,লখপুর,42
1,34,মুলঘর,52
1,34,মুলঘর,52
1,34,নলধা মৌভোগ,63
1,34,নলধা মৌভোগ,63
1,34,পিলজংগ,73
1,34,পিলজংগ,73
1,34,শুভদিয়া,84
1,34,শুভদিয়া,84
1,38,বাধাল,15
1,38,বাধাল,15
1,38,ধোপাখালী,28
1,38,ধোপাখালী,28
1,38,ধোপাখালী,28
1,38,ধোপাখালী,28
1,38,ধোপাখালী,28
1,38,গজালিয়া,38
1,38,গজালিয়া,38
1,38,গোপালপুর,47
1,38,গোপালপুর,47
1,38,কচুয়া,57
1,38,কচুয়া,57
1,38,মঘিয়া,66
1,38,মঘিয়া,66
1,38,রাড়ীপাড়া,76
1,38,রাড়ীপাড়া,76
1,56,আটজুড়ী,17
1,56,আটজুড়ী,17
1,56,আটজুড়ী,17
1,56,আটজুড়ী,17
1,56,চুনখোলা,28
1,56,চুনখোলা,28
1,56,গাংনী,38
1,56,গাংনী,38
1,56,গাংনী,38
1,56,গাংনী,38
1,56,গাংনী,38
1,56,গাংনী,38
1,56,গাওলা,47
1,56,গাওলা,47
1,56,কোদালিয়া,76
1,56,কোদালিয়া,76
1,56,কোদালিয়া,76
1,56,কুলিয়া,85
1,56,কুলিয়া,85
1,56,উদয়পুর,95
1,56,উদয়পুর,95
1,56,উদয়পুর,95
1,58,চাঁদপাই,23
1,58,চাঁদপাই,23
1,58,বুড়িরডাঙ্গা,27
1,58,বুড়িরডাঙ্গা,27
1,58,চিলা,29
1,58,চিলা,29
1,58,মিঠাখালী,59
1,58,মিঠাখালী,59
1,58,সোনাইলতলা,83
1,58,সোনাইলতলা,83
1,58,সুন্দরবন,89
1,58,সুন্দরবন,89
1,60,বহরবুনিয়া,10
1,60,বহরবুনিয়া,10
1,60,বলইবুনিয়া,11
1,60,বলইবুনিয়া,11
1,60,বনগ্রাম,17
1,60,বনগ্রাম,17
1,60,বারইখালী,23
1,60,বারইখালী,23
1,60,চিংড়াখালী,29
1,60,চিংড়াখালী,29
1,60,দৈবজ্ঞহাটি,35
1,60,দৈবজ্ঞহাটি,35
1,60,হোগলাবুনিয়া,41
1,60,হোগলাবুনিয়া,41
1,60,হোগলাপাশা,47
1,60,হোগলাপাশা,47
1,60,জিউধরা,53
1,60,জিউধরা,53
1,60,খাউলিয়া,59
1,60,খাউলিয়া,59
1,60,মোড়েলগঞ্জ,65
1,60,মোড়েলগঞ্জ,65
1,60,নিশানবাড়িয়া,71
1,60,নিশানবাড়িয়া,71
1,60,পঞ্চকরণ,77
1,60,পঞ্চকরণ,77
1,60,পুটিখালী,83
1,60,পুটিখালী,83
1,60,রামচন্দ্রপুর,89
1,60,রামচন্দ্রপুর,89
1,60,রামচন্দ্রপুর,89
1,60,তেলিগাতি,95
1,60,তেলিগাতি,95
1,73,বাইনতলা,10
1,73,বাইনতলা,10
1,73,বাঁশতলী,11
1,73,বাঁশতলী,11
1,73,ভোজপাতিয়া,17
1,73,ভোজপাতিয়া,17
1,73,গৌড়ম্ভা,41
1,73,গৌড়ম্ভা,41
1,73,হড়কা,47
1,73,হড়কা,47
1,73,মল্লিকের বেড়,53
1,73,মল্লিকের বেড়,53
1,73,মল্লিকের বেড়,53
1,73,মল্লিকের বেড়,53
1,73,পেড়িখালি,71
1,73,পেড়িখালি,71
1,73,পেড়িখালি,71
1,73,রাজনগর,77
1,73,রাজনগর,77
1,73,রামপাল,83
1,73,রামপাল,83
1,73,উজলকুড়,94
1,73,উজলকুড়,94
1,77,ধানসাগর,19
1,77,ধানসাগর,19
1,77,খোন্তাকাটা,38
1,77,খোন্তাকাটা,38
1,77,খোন্তাকাটা,38
1,77,খোন্তাকাটা,38
1,77,রায়েন্দা,57
1,77,রায়েন্দা,57
1,77,রায়েন্দা,57
1,77,রায়েন্দা,57
1,77,রায়েন্দা,57
1,77,রায়েন্দা,57
1,77,রায়েন্দা,57
1,77,রায়েন্দা,57
1,77,সাউথখালী,76
1,77,সাউথখালী,76
18,7,আইলহাস,11
18,7,আইলহাস,11
18,7,বেলগাছি,13
18,7,বেলগাছি,13
18,7,বাড়াদী,15
18,7,বাড়াদী,15
18,7,ভাংবাড়ীয়া,23
18,7,ভাংবাড়ীয়া,23
18,7,চিৎলা,27
18,7,চিৎলা,27
18,7,ডাউকী,31
18,7,ডাউকী,31
18,7,গাংনী,39
18,7,গাংনী,39
18,7,হারদী,47
18,7,হারদী,47
18,7,কালিদাসপুর,51
18,7,কালিদাসপুর,51
18,7,জামজামি,55
18,7,জামজামি,55
18,7,জেহালা,63
18,7,জেহালা,63
18,7,খাদিমপুর,71
18,7,খাদিমপুর,71
18,7,খাসকররা,79
18,7,খাসকররা,79
18,7,কুমারী,87
18,7,কুমারী,87
18,7,নাগদাহ,94
18,7,নাগদাহ,94
18,7,নাগদাহ,94
18,7,নাগদাহ,94
18,23,আলুকদিয়া,11
18,23,বেগমপুর,23
18,23,বেগমপুর,23
18,23,কুতুবপুর,47
18,23,কুতুবপুর,47
18,23,মোমিনপুর,59
18,23,মোমিনপুর,59
18,23,পদ্মবিলা,62
18,23,পদ্মবিলা,62
18,23,শংকরচন্দ্র,71
18,23,শংকরচন্দ্র,71
18,23,শংকরচন্দ্র,71
18,23,তিতুদহ,83
18,23,তিতুদহ,83
18,23,তিতুদহ,83
18,31,দামুড়হুদা,11
18,31,দামুড়হুদা,11
18,31,পারকৃষ্ণপুর-মদনা,23
18,31,পারকৃষ্ণপুর-মদনা,23
18,31,হাউলী,35
18,31,হাউলী,35
18,31,জুড়ানপুর,47
18,31,জুড়ানপুর,47
18,31,কার্পাসাডাঙ্গা,59
18,31,কার্পাসাডাঙ্গা,59
18,31,কুড়ালগাছি,71
18,31,কুড়ালগাছি,71
18,31,নাতিপোতা,83
18,31,নাতিপোতা,83
18,55,আন্দুলবাড়ীয়া,19
18,55,আন্দুলবাড়ীয়া,19
18,55,আন্দুলবাড়ীয়া,19
18,55,বাঁকা,38
18,55,বাঁকা,38
18,55,রায়পুর,40
18,55,রায়পুর,40
18,55,হাসাদাহ,42
18,55,হাসাদাহ,42
18,55,সীমান্ত,57
18,55,সীমান্ত,57
18,55,উথলী,76
18,55,উথলী,76
41,4,বাঘুটিয়া,10
41,4,বাঘুটিয়া,10
41,4,বাঘুটিয়া,10
41,4,প্রেমবাগ,21
41,4,প্রেমবাগ,21
41,4,সুন্দলী,27
41,4,সুন্দলী,27
41,4,পায়রা,42
41,4,পায়রা,42
41,4,পায়রা,42
41,4,পায়রা,42
41,4,চলিশিয়া,52
41,4,চলিশিয়া,52
41,4,সিদ্দিপাশা,63
41,4,সিদ্দিপাশা,63
41,4,সিদ্দিপাশা,63
41,4,সিদ্দিপাশা,63
41,4,শ্রীধরপুর,73
41,4,শ্রীধরপুর,73
41,4,শ্রীধরপুর,73
41,4,শ্রীধরপুর,73
41,4,শ্রীধরপুর,73
41,4,শুভপাড়া,84
41,4,শুভপাড়া,84
41,9,বাসুয়াড়ী,15
41,9,বন্দবিলা,19
41,9,বন্দবিলা,19
41,9,বন্দবিলা,19
41,9,বন্দবিলা,19
41,9,বন্দবিলা,19
41,9,বন্দবিলা,19
41,9,বন্দবিলা,19
41,9,দরাজহাট,28
41,9,দরাজহাট,28
41,9,ধলগ্রাম,38
41,9,ধলগ্রাম,38
41,9,ধলগ্রাম,38
41,9,দোহাকুলা,47
41,9,দোহাকুলা,47
41,9,জামদিয়া,57
41,9,জামদিয়া,57
41,9,জহুরপুর,66
41,9,জহুরপুর,66
41,9,নারিকেলবাড়িয়া,76
41,9,নারিকেলবাড়িয়া,76
41,9,নারিকেলবাড়িয়া,76
41,9,রায়পুর,85
41,9,রায়পুর,85
41,11,চৌগাছা,14
41,11,ধুলিয়ানি,17
41,11,হাকিমপুর,25
41,11,জগদীশপুর,34
41,11,স্বরূপদাহ,43
41,11,নারায়নপুর,51
41,11,পাশাপোল,60
41,11,পাশাপোল,60
41,11,পাতিবিলা,69
41,11,ফুলসারা,77
41,11,সিংহঝুলি,86
41,11,সিংহঝুলি,86
41,11,সুখপুকুরিয়া,94
41,23,বাকড়া,25
41,23,বাকড়া,25
41,23,গংগানন্দপুর,29
41,23,গংগানন্দপুর,29
41,23,গদখালী,35
41,23,গদখালী,35
41,23,হাজীরবাগ,41
41,23,ঝিকরগাছা,47
41,23,মাগুরা,53
41,23,নাভারণ,59
41,23,নাভারণ,59
41,23,নাভারণ,59
41,23,নাভারণ,59
41,23,নির্বাসখোলা,65
41,23,পানিসারা,71
41,23,শংকরপুর,83
41,23,শংকরপুর,83
41,23,শিমুলিয়া,89
41,23,শিমুলিয়া,89
41,38,বিদ্যানন্দকাটি,17
41,38,বিদ্যানন্দকাটি,17
41,38,গৌরীঘোনা,19
41,38,গৌরীঘোনা,19
41,38,কেশবপুর,28
41,38,কেশবপুর,28
41,38,মজিদপুর,38
41,38,মজিদপুর,38
41,38,মঙ্গলকোট,47
41,38,মঙ্গলকোট,47
41,38,পাজিয়া,57
41,38,পাজিয়া,57
41,38,পাজিয়া,57
41,38,সাগরদাড়ি,66
41,38,সাগরদাড়ি,66
41,38,সুফলাকাটি,76
41,38,সুফলাকাটি,76
41,38,ত্রিমোহিনী,85
41,38,ত্রিমোহিনী,85
41,47,আরবপুর,10
41,47,আরবপুর,10
41,47,বাসুন্দিয়া,11
41,47,বাসুন্দিয়া,11
41,47,চাঁচড়া,23
41,47,চাঁচড়া,23
41,47,চাঁচড়া,23
41,47,চুড়ামনকাটি,29
41,47,চুড়ামনকাটি,29
41,47,দেয়াড়া,35
41,47,দেয়াড়া,35
41,47,ফতেপুর,41
41,47,ফতেপুর,41
41,47,হৈবতপুর,47
41,47,হৈবতপুর,47
41,47,ইছালী,53
41,47,ইছালী,53
41,47,কাশিমপুর,65
41,47,কাশিমপুর,65
41,47,কচুয়া,71
41,47,কচুয়া,71
41,47,লেবুতলা,77
41,47,লেবুতলা,77
41,47,লেবুতলা,77
41,47,নরেন্দ্রপুর,83
41,47,নরেন্দ্রপুর,83
41,47,নওয়াপাড়া,89
41,47,নওয়াপাড়া,89
41,47,রামনগর,92
41,47,রামনগর,92
41,47,রামনগর,92
41,47,উপশহর,95
41,47,উপশহর,95
41,47,উপশহর,95
41,61,ভোজগাতী,10
41,61,ভোজগাতী,10
41,61,চালুয়াহাটী,11
41,61,চালুয়াহাটী,11
41,61,চালুয়াহাটী,11
41,61,চালুয়াহাটী,11
41,61,ঢাকুরিয়া,16
41,61,ঢাকুরিয়া,16
41,61,দুর্বডাঙ্গা,22
41,61,দুর্বডাঙ্গা,22
41,61,দুর্বডাঙ্গা,22
41,61,হরিদাসকাটি,27
41,61,হরিদাসকাটি,27
41,61,হরিহরনগর,33
41,61,হরিহরনগর,33
41,61,ঝাঁপা,39
41,61,ঝাঁপা,39
41,61,কাশিমনগর,44
41,61,কাশিমনগর,44
41,61,খানপুর,50
41,61,খানপুর,50
41,61,খানপুর,50
41,61,খানপুর,50
41,61,খানপুর,50
41,61,খানপুর,50
41,61,খেদাপাড়া,55
41,61,খেদাপাড়া,55
41,61,খেদাপাড়া,55
41,61,কুলটিয়া,61
41,61,কুলটিয়া,61
41,61,কুলটিয়া,61
41,61,মনিরামপুর,67
41,61,মনিরামপুর,67
41,61,মনোহরপুর,72
41,61,মনোহরপুর,72
41,61,মশ্মিমনগর,78
41,61,মশ্মিমনগর,78
41,61,মশ্মিমনগর,78
41,61,মশ্মিমনগর,78
41,61,নেহালপুর,83
41,61,নেহালপুর,83
41,61,নেহালপুর,83
41,61,রুহিতা,89
41,61,রুহিতা,89
41,61,শ্যামকুড়,94
41,61,শ্যামকুড়,94
41,90,বাগআচড়া,13
41,90,বাগআচড়া,13
41,90,বাহাদুরপুর,17
41,90,বাহাদুরপুর,17
41,90,বেনাপোল,25
41,90,বেনাপোল,25
41,90,বেনাপোল,25
41,90,ডিহি,34
41,90,ডিহি,34
41,90,গোগা,43
41,90,গোগা,43
41,90,কায়বা,51
41,90,কায়বা,51
41,90,লক্ষ্মণপুর,60
41,90,লক্ষ্মণপুর,60
41,90,নিজামপুর,69
41,90,নিজামপুর,69
41,90,পুটখালী,77
41,90,পুটখালী,77
41,90,শার্শা,86
41,90,শার্শা,86
41,90,উলাশী,94
41,90,উলাশী,94
44,14,ভায়না,10
44,14,ভায়না,10
44,14,চাঁদপুর,21
44,14,চাঁদপুর,21
44,14,দৌলতপুর,31
44,14,দৌলতপুর,31
44,14,ফলসী,42
44,14,ফলসী,42
44,14,জোড়াদহ,52
44,14,জোড়াদহ,52
44,14,কাপাশহাটিয়া,63
44,14,কাপাশহাটিয়া,63
44,14,রঘুনাথপুর,73
44,14,রঘুনাথপুর,73
44,14,তাহেরহুদা,84
44,14,তাহেরহুদা,84
44,19,দোগাছি,11
44,19,দোগাছি,11
44,19,ফুরসন্দি,13
44,19,ফুরসন্দি,13
44,19,গান্না,15
44,19,গান্না,15
44,19,ঘোড়শাল,21
44,19,ঘোড়শাল,21
44,19,হলিধানী,26
44,19,হলিধানী,26
44,19,হলিধানী,26
44,19,হরিশংকরপুর,31
44,19,হরিশংকরপুর,31
44,19,হরিশংকরপুর,31
44,19,কালীচরণপুর,42
44,19,কালীচরণপুর,42
44,19,কুমড়াবাড়ীয়া,47
44,19,কুমড়াবাড়ীয়া,47
44,19,মধুহাটী,52
44,19,মধুহাটী,52
44,19,মহারাজপুর,58
44,19,মহারাজপুর,58
44,19,মহারাজপুর,58
44,19,নলডাঙ্গা,63
44,19,নলডাঙ্গা,63
44,19,পদ্মাকর,68
44,19,পদ্মাকর,68
44,19,পদ্মাকর,68
44,19,পাগলাকানাই,73
44,19,পাগলাকানাই,73
44,19,পোড়াহাটী,79
44,19,পোড়াহাটী,79
44,19,সাগান্না,84
44,19,সাগান্না,84
44,19,সাধুহাটী,89
44,19,সাধুহাটী,89
44,19,সুরাট,94
44,19,সুরাট,94
44,33,বারবাজার,10
44,33,বারবাজার,10
44,33,জামাল,20
44,33,জামাল,20
44,33,সুন্দরপুর দূর্গাপুর,33
44,33,সুন্দরপুর দূর্গাপুর,33
44,33,কাষ্টভাঙ্গা,40
44,33,কাষ্টভাঙ্গা,40
44,33,কাষ্টভাঙ্গা,40
44,33,কোলা,47
44,33,কোলা,47
44,33,মালিয়াট,54
44,33,মালিয়াট,54
44,33,মালিয়াট,54
44,33,নিয়ামতপুর,61
44,33,নিয়ামতপুর,61
44,33,রায়গ্রাম,74
44,33,রায়গ্রাম,74
44,33,রাখালগাছি,81
44,33,রাখালগাছি,81
44,33,শিমলা-রোকনপুর,88
44,33,শিমলা-রোকনপুর,88
44,33,ত্রিলোচনপুর,94
44,33,ত্রিলোচনপুর,94
44,42,বলুহর,13
44,42,বলুহর,13
44,42,বলুহর,13
44,42,দোড়া,27
44,42,দোড়া,27
44,42,এলাঙ্গী,40
44,42,এলাঙ্গী,40
44,42,কুশনা,67
44,42,কুশনা,67
44,42,সাবদালপুর,81
44,42,সাবদালপুর,81
44,42,সাবদালপুর,81
44,42,সাবদালপুর,81
44,71,আজমপুর,10
44,71,আজমপুর,10
44,71,বাঁশবাড়ীয়া,11
44,71,বাঁশবাড়ীয়া,11
44,71,ফতেপুর,17
44,71,ফতেপুর,17
44,71,যাদবপুর,23
44,71,যাদবপুর,23
44,71,কাজীরবেড়,29
44,71,কাজীরবেড়,29
44,71,মান্দারবাড়ীয়া,35
44,71,মান্দারবাড়ীয়া,35
44,71,নাটিমা,53
44,71,নাটিমা,53
44,71,নেপা,59
44,71,নেপা,59
44,71,পান্তাপাড়া,65
44,71,পান্তাপাড়া,65
44,71,শ্যামকুড়,77
44,71,শ্যামকুড়,77
44,71,"এস, বি, কে",83
44,71,"এস, বি, কে",83
44,71,"এস, বি, কে",83
44,71,স্বরুপপুর,89
44,71,স্বরুপপুর,89
44,80,আবাইপুর,10
44,80,আবাইপুর,10
44,80,আবাইপুর,10
44,80,বগুড়া,12
44,80,বগুড়া,12
44,80,ধলহরাচন্দ্র,18
44,80,ধলহরাচন্দ্র,18
44,80,দিঘনগর,25
44,80,দিঘনগর,25
44,80,দুধসর,31
44,80,দুধসর,31
44,80,মনোহরপুর,37
44,80,মনোহরপুর,37
44,80,ফুলহরি,44
44,80,ফুলহরি,44
44,80,হাকিমপুর,50
44,80,হাকিমপুর,50
44,80,কাচেঁরকোল,56
44,80,কাচেঁরকোল,56
44,80,কাচেঁরকোল,56
44,80,মির্জাপুর,63
44,80,মির্জাপুর,63
44,80,নিত্যানন্দপুর,69
44,80,নিত্যানন্দপুর,69
44,80,নিত্যানন্দপুর,69
44,80,নিত্যানন্দপুর,69
44,80,সারুটিয়া,75
44,80,সারুটিয়া,75
44,80,সারুটিয়া,75
44,80,ত্রিবেনী,88
44,80,ত্রিবেনী,88
44,80,ত্রিবেনী,88
44,80,উমেদপুর,94
44,80,উমেদপুর,94
47,12,আমিরপুর,11
47,12,আমিরপুর,11
47,12,আমিরপুর,11
47,12,বালিয়াডাঙ্গা,23
47,12,বালিয়াডাঙ্গা,23
47,12,বটিয়াঘাটা,35
47,12,বটিয়াঘাটা,35
47,12,বটিয়াঘাটা,35
47,12,বটিয়াঘাটা,35
47,12,ভান্ডারকোট,47
47,12,ভান্ডারকোট,47
47,12,ভান্ডারকোট,47
47,12,গঙ্গারামপুর,59
47,12,গঙ্গারামপুর,59
47,12,গঙ্গারামপুর,59
47,12,জলমা,71
47,12,জলমা,71
47,12,সুরখালী,83
47,12,সুরখালী,83
47,17,বাজুয়া,10
47,17,বাজুয়া,10
47,17,বানীশান্তা,13
47,17,বানীশান্তা,13
47,17,বানীশান্তা,13
47,17,লাউডোব,21
47,17,লাউডোব,21
47,17,লাউডোব,21
47,17,দাকোপ,42
47,17,দাকোপ,42
47,17,কৈলাশগঞ্জ,52
47,17,কৈলাশগঞ্জ,52
47,17,কৈলাশগঞ্জ,52
47,17,কৈলাশগঞ্জ,52
47,17,কৈলাশগঞ্জ,52
47,17,কামারখোলা,63
47,17,কামারখোলা,63
47,17,পানখালি,69
47,17,পানখালি,69
47,17,পানখালি,69
47,17,সুতারখালি,73
47,17,সুতারখালি,73
47,17,তিলডাঙ্গা,84
47,17,তিলডাঙ্গা,84
47,30,আটলিয়া,11
47,30,আটলিয়া,11
47,30,আটলিয়া,11
47,30,আটলিয়া,11
47,30,ভান্ডারপাড়া,13
47,30,ভান্ডারপাড়া,13
47,30,ভান্ডারপাড়া,13
47,30,ধামালিয়া,20
47,30,ধামালিয়া,20
47,30,ধামালিয়া,20
47,30,ধামালিয়া,20
47,30,ডুমুরিয়া,27
47,30,ডুমুরিয়া,27
47,30,ডুমুরিয়া,27
47,30,গুটুদিয়া,33
47,30,গুটুদিয়া,33
47,30,খর্ণিয়া,40
47,30,খর্ণিয়া,40
47,30,খর্ণিয়া,40
47,30,খর্ণিয়া,40
47,30,মাগুরখালি,47
47,30,মাগুরখালি,47
47,30,মাগুরাঘোনা,54
47,30,মাগুরাঘোনা,54
47,30,মাগুরাঘোনা,54
47,30,মাগুরাঘোনা,54
47,30,রঘুনাথপুর,61
47,30,রঘুনাথপুর,61
47,30,রঘুনাথপুর,61
47,30,রংপুর,67
47,30,রংপুর,67
47,30,রুদাঘরা,74
47,30,রুদাঘরা,74
47,30,রুদাঘরা,74
47,30,সাহস,81
47,30,সাহস,81
47,30,শরাফপুর,88
47,30,শরাফপুর,88
47,30,শোভনা,94
47,30,শোভনা,94
47,40,আড়ংঘাটা,10
47,40,আড়ংঘাটা,10
47,40,বারাকপুর,17
47,40,বারাকপুর,17
47,40,দিঘলিয়া,57
47,40,দিঘলিয়া,57
47,40,গাজীরহাট,66
47,40,গাজীরহাট,66
47,40,গাজীরহাট,66
47,40,যোগিপোল,75
47,40,যোগিপোল,75
47,40,সেনহাটি,85
47,40,সেনহাটি,85
47,40,সেনহাটি,85
47,53,আমাদী,10
47,53,আমাদী,10
47,53,বাগালী,11
47,53,বাগালী,11
47,53,দক্ষিণ বেদকাশি,22
47,53,দক্ষিণ বেদকাশি,22
47,53,কয়রা,55
47,53,কয়রা,55
47,53,কয়রা,55
47,53,কয়রা,55
47,53,মহারাজপুর,72
47,53,মহারাজপুর,72
47,53,মহারাজপুর,72
47,53,মহেশ্বরীপুর,78
47,53,মহেশ্বরীপুর,78
47,53,মহেশ্বরীপুর,78
47,53,উত্তর বেদকাশি,94
47,53,উত্তর বেদকাশি,94
47,64,চাঁদখালী,16
47,64,চাঁদখালী,16
47,64,দেলুটি,27
47,64,দেলুটি,27
47,64,গদাইপুর,33
47,64,গদাইপুর,33
47,64,গড়ইখালী,39
47,64,গড়ইখালী,39
47,64,হরিঢালী,44
47,64,হরিঢালী,44
47,64,কপিলমুনি,50
47,64,কপিলমুনি,50
47,64,কপিলমুনি,50
47,64,লস্কর,61
47,64,লস্কর,61
47,64,লস্কর,61
47,64,লস্কর,61
47,64,লতা,67
47,64,লতা,67
47,64,রাড়ুলী,83
47,64,রাড়ুলী,83
47,64,রাড়ুলী,83
47,64,সোলাদানা,89
47,64,সোলাদানা,89
47,69,আটরা গিলাতলা,19
47,69,আটরা গিলাতলা,19
47,69,দামোদর,38
47,69,দামোদর,38
47,69,জামিরা,57
47,69,জামিরা,57
47,69,ফুলতলা,76
47,69,ফুলতলা,76
47,75,আইচগাতী,13
47,75,আইচগাতী,13
47,75,ঘাটভোগ,27
47,75,ঘাটভোগ,27
47,75,নৈহাটি,54
47,75,নৈহাটি,54
47,75,শ্রীফলতলা,67
47,75,শ্রীফলতলা,67
47,75,টি. এস. বাহিরদিয়া,81
47,75,টি. এস. বাহিরদিয়া,81
47,94,আজগড়া,13
47,94,আজগড়া,13
47,94,বারাসাত,27
47,94,বারাসাত,27
47,94,মধুপুর,40
47,94,মধুপুর,40
47,94,সাচিয়াদহ,54
47,94,সাচিয়াদহ,54
47,94,ছাগলাদহ,67
47,94,ছাগলাদহ,67
47,94,ছাগলাদহ,67
47,94,তেরখাদা,81
47,94,তেরখাদা,81
50,15,বাহাদুরপুর,13
50,15,বাহাদুরপুর,13
50,15,বাহিরচর,27
50,15,বাহিরচর,27
50,15,চাঁদগ্রাম,40
50,15,চাঁদগ্রাম,40
50,15,ধরমপুর,54
50,15,ধরমপুর,54
50,15,জুনিয়াদহ,67
50,15,জুনিয়াদহ,67
50,15,মোকারিমপুর,81
50,15,মোকারিমপুর,81
50,39,আদাবাড়ীয়া,11
50,39,আদাবাড়ীয়া,11
50,39,আড়িয়া,13
50,39,আড়িয়া,13
50,39,বোয়ালিয়া,20
50,39,বোয়ালিয়া,20
50,39,চিলমারী,27
50,39,চিলমারী,27
50,39,দৌলতপুর,33
50,39,দৌলতপুর,33
50,39,হোগলবাড়ীয়া,40
50,39,হোগলবাড়ীয়া,40
50,39,খলিশাকুন্ডি,47
50,39,খলিশাকুন্ডি,47
50,39,মরিচা,54
50,39,মরিচা,54
50,39,মথুরাপুর,61
50,39,মথুরাপুর,61
50,39,পিয়ারপুর,67
50,39,পিয়ারপুর,67
50,39,ফিলিপনগর,74
50,39,ফিলিপনগর,74
50,39,প্রাগপুর,81
50,39,প্রাগপুর,81
50,39,রামকৃষ্ণপুর,88
50,39,রামকৃষ্ণপুর,88
50,39,রেফায়েতপুর,94
50,39,রেফায়েতপুর,94
50,63,আমবাড়ীয়া,17
50,63,আমবাড়ীয়া,17
50,63,আমবাড়ীয়া,17
50,63,বেতবাড়ীয়া,25
50,63,বেতবাড়ীয়া,25
50,63,বেতবাড়ীয়া,25
50,63,গোপগ্রাম,31
50,63,গোপগ্রাম,31
50,63,জানিপুর,37
50,63,জানিপুর,37
50,63,জয়ন্তি হাজরা,43
50,63,জয়ন্তি হাজরা,43
50,63,জয়ন্তি হাজরা,43
50,63,খোকসা,47
50,63,খোকসা,47
50,63,খোকসা,47
50,63,খোকসা,47
50,63,ওসমানপুর,57
50,63,ওসমানপুর,57
50,63,ওসমানপুর,57
50,63,শোমসপুর,71
50,63,শোমসপুর,71
50,63,শিমুলিয়া,77
50,63,শিমুলিয়া,77
50,71,বাগুলাট,16
50,71,বাগুলাট,16
50,71,চাঁদপুর,17
50,71,চাঁদপুর,17
50,71,চাপড়া,25
50,71,চাপড়া,25
50,71,যদুবয়রা,34
50,71,যদুবয়রা,34
50,71,জগন্নাথপুর,43
50,71,জগন্নাথপুর,43
50,71,কয়া,51
50,71,কয়া,51
50,71,নন্দলালপুর,69
50,71,নন্দলালপুর,69
50,71,পান্টি,77
50,71,পান্টি,77
50,71,সদকী,86
50,71,সদকী,86
50,71,চরসাদিপুর,90
50,71,চরসাদিপুর,90
50,71,শিলাইদহ,94
50,71,শিলাইদহ,94
50,79,আব্দালপুর,16
50,79,আব্দালপুর,16
50,79,আইলচারা,17
50,79,আইলচারা,17
50,79,আলামপুর,18
50,79,আলামপুর,18
50,79,বারখাদা,25
50,79,বারখাদা,25
50,79,গোস্বামী দূর্গাপুর,31
50,79,গোস্বামী দূর্গাপুর,31
50,79,হরিনারায়নপুর,37
50,79,হরিনারায়নপুর,37
50,79,হাটশহরিপুর,44
50,79,হাটশহরিপুর,44
50,79,হাটশহরিপুর,44
50,79,বটতৈল,50
50,79,বটতৈল,50
50,79,বটতৈল,50
50,79,জিয়ারখী,56
50,79,জিয়ারখী,56
50,79,ঝাউদিয়া,63
50,79,ঝাউদিয়া,63
50,79,মজমপুর,75
50,79,মজমপুর,75
50,79,মজমপুর,75
50,79,মনোহরদিয়া,82
50,79,মনোহরদিয়া,82
50,79,মনোহরদিয়া,82
50,79,মনোহরদিয়া,82
50,79,পাটিকাবাড়ী,88
50,79,পাটিকাবাড়ী,88
50,79,পাটিকাবাড়ী,88
50,79,উজানগ্রাম,94
50,79,উজানগ্রাম,94
50,94,আমবাড়ীয়া,13
50,94,আমবাড়ীয়া,13
50,94,আমলা,14
50,94,আমলা,14
50,94,ধুবইল,19
50,94,ধুবইল,19
50,94,বহলবাড়ীয়া,21
50,94,বহলবাড়ীয়া,21
50,94,বহলবাড়ীয়া,21
50,94,বারুইপাড়া,29
50,94,বারুইপাড়া,29
50,94,বারুইপাড়া,29
50,94,বারুইপাড়া,29
50,94,ছাতিয়ান,36
50,94,ছাতিয়ান,36
50,94,ছাতিয়ান,36
50,94,ছাতিয়ান,36
50,94,চিথলিয়া,43
50,94,চিথলিয়া,43
50,94,চিথলিয়া,43
50,94,কুর্শা,58
50,94,কুর্শা,58
50,94,মালিহাদ,65
50,94,মালিহাদ,65
50,94,ফুলবাড়ীয়া,73
50,94,ফুলবাড়ীয়া,73
50,94,ফুলবাড়ীয়া,73
50,94,পোড়াদহ,80
50,94,পোড়াদহ,80
50,94,পোড়াদহ,80
50,94,সদরপুর,87
50,94,সদরপুর,87
50,94,সদরপুর,87
50,94,তালবাড়ীয়া,94
50,94,তালবাড়ীয়া,94
50,94,তালবাড়ীয়া,94
55,57,আঠারখাদা,21
55,57,আঠারখাদা,21
55,57,বেরইল পলিতা,23
55,57,বেরইল পলিতা,23
55,57,বগিয়া,25
55,57,বগিয়া,25
55,57,চাউলিয়া,27
55,57,চাউলিয়া,27
55,57,গোপালগ্রাম,33
55,57,হাজীপুর,40
55,57,হাজরাপুর,47
55,57,হাজরাপুর,47
55,57,হাজরাপুর,47
55,57,জগদল,54
55,57,জগদল,54
55,57,কছুন্দী,61
55,57,কছুন্দী,61
55,57,কুচিয়ামোড়া,67
55,57,কুচিয়ামোড়া,67
55,57,কুচিয়ামোড়া,67
55,57,কুচিয়ামোড়া,67
55,57,মঘী,74
55,57,মঘী,74
55,57,রাঘবদাইড়,88
55,57,রাঘবদাইড়,88
55,57,শত্রুজিৎপুর ,94
55,57,শত্রুজিৎপুর ,94
55,66,বাবুখালী,10
55,66,বাবুখালী,10
55,66,বাবুখালী,10
55,66,বালিদিয়া,21
55,66,বালিদিয়া,21
55,66,বালিদিয়া,21
55,66,বালিদিয়া,21
55,66,বিনোদপুর,31
55,66,বিনোদপুর,31
55,66,বিনোদপুর,31
55,66,বিনোদপুর,31
55,66,বিনোদপুর,31
55,66,দীঘা,42
55,66,দীঘা,42
55,66,মহম্মদপুর,52
55,66,মহম্মদপুর,52
55,66,নহাটা,63
55,66,নহাটা,63
55,66,নহাটা,63
55,66,পলাশবাড়ীয়া,73
55,66,পলাশবাড়ীয়া,73
55,66,রাজাপুর,84
55,66,রাজাপুর,84
55,85,আড়পাড়া,11
55,85,আড়পাড়া,11
55,85,বুনাগাতী,23
55,85,বুনাগাতী,23
55,85,বুনাগাতী,23
55,85,ধনেশ্বরগাতী,35
55,85,ধনেশ্বরগাতী,35
55,85,গংগারামপুর,47
55,85,শালিখা,59
55,85,শতখালী,71
55,85,শতখালী,71
55,85,তালখড়ী,83
55,95,আমলসার,10
55,95,আমলসার,10
55,95,দারিয়াপুর,21
55,95,গয়েশপুর,31
55,95,গয়েশপুর,31
55,95,কাদিরপাড়া,42
55,95,কাদিরপাড়া,42
55,95,নাকোল,52
55,95,সব্দালপুর,63
55,95,সব্দালপুর,63
55,95,সব্দালপুর,63
55,95,শ্রীকোল,73
55,95,শ্রীকোল,73
55,95,শ্রীকোল,73
55,95,শ্রীপুর,84
55,95,শ্রীপুর,84
57,47,বামুন্দী,10
57,47,বামুন্দী,10
57,47,ধানখোলা,21
57,47,কাথুলি,42
57,47,কাজীপুর,52
57,47,কাজীপুর,52
57,47,মটমুড়া,63
57,47,রায়পুর,69
57,47,সাহারবাটি,73
57,47,ষোলটাকা,84
57,47,ষোলটাকা,84
57,47,ষোলটাকা,84
57,47,তেঁতুলবাড়ী,94
57,47,তেঁতুলবাড়ী,94
57,60,বাগোয়ান,28
57,60,বাগোয়ান,28
57,60,দারিয়াপুর,47
57,60,দারিয়াপুর,47
57,60,মহাজনপুর,76
57,60,মহাজনপুর,76
57,60,মোনাখালি,85
57,87,আমদহ,14
57,87,আমদহ,14
57,87,আমদহ,14
57,87,আমঝুপী,19
57,87,আমঝুপী,19
57,87,আমঝুপী,19
57,87,বুড়িপোতা,38
57,87,বুড়িপোতা,38
57,87,বুড়িপোতা,38
57,87,কুতুবপুর,57
57,87,কুতুবপুর,57
57,87,পিরোজপুর,95
57,87,পিরোজপুর,95
65,28,বাবরা-হাচলা,13
65,28,বাবরা-হাচলা,13
65,28,বড়নাল-ইলিয়াছাবাদ,14
65,28,বাইসোনা ,15
65,28,বাইসোনা ,15
65,28,হামিদপুর,23
65,28,হামিদপুর,23
65,28,চাঁচুড়ী,31
65,28,চাঁচুড়ী,31
65,28,জয়নগর,39
65,28,জয়নগর,39
65,28,কালাবাড়ীয়া,47
65,28,কালাবাড়ীয়া,47
65,28,খাসিয়াল,63
65,28,খাসিয়াল,63
65,28,মাউলি,71
65,28,মাউলি,71
65,28,পহরডাঙ্গা,79
65,28,পহরডাঙ্গা,79
65,28,পাঁচগ্রাম,83
65,28,পেড়লী,87
65,28,পেড়লী,87
65,28,পুরুলিয়া,94
65,28,পুরুলিয়া,94
65,28,সালামাবাদ,95
65,28,সালামাবাদ,95
65,52,দিঘলিয়া,15
65,52,দিঘলিয়া,15
65,52,ইতনা,18
65,52,ইতনা,18
65,52,জয়পুর,23
65,52,জয়পুর,23
65,52,কাশিপুর,31
65,52,কাশিপুর,31
65,52,কোটাকোল,39
65,52,কোটাকোল,39
65,52,লাহুড়িয়া,47
65,52,লাহুড়িয়া,47
65,52,লক্ষ্মীপাশা,55
65,52,লক্ষ্মীপাশা,55
65,52,লোহাগড়া,63
65,52,লোহাগড়া,63
65,52,মল্লিকপুর,71
65,52,মল্লিকপুর,71
65,52,মল্লিকপুর,71
65,52,নলদী,79
65,52,নেয়াগ্রাম,87
65,52,নেয়াগ্রাম,87
65,52,শালনগর,94
65,52,শালনগর,94
65,76,আউড়িয়া,11
65,76,বাশগ্রাম,13
65,76,বাশগ্রাম,13
65,76,ভদ্রবিলা,20
65,76,বিছালী,27
65,76,বিছালী,27
65,76,বিছালী,27
65,76,বিছালী,27
65,76,বিছালী,27
65,76,চন্ডিবরপুর,33
65,76,চন্ডিবরপুর,33
65,76,হবখালী,40
65,76,হবখালী,40
65,76,কলোড়া,47
65,76,কলোড়া,47
65,76,মাইজপাড়া,54
65,76,মাইজপাড়া,54
65,76,মাইজপাড়া,54
65,76,মুলিয়া,61
65,76,শাহাবাদ,74
65,76,শাহাবাদ,74
65,76,সেখখাটী,81
65,76,সেখখাটী,81
65,76,সিঙ্গাশোলপুর,88
65,76,তুলারামপুর,94
65,76,তুলারামপুর,94
87,4,আনুলিয়া,15
87,4,আনুলিয়া,15
87,4,আশাশুনি,17
87,4,আশাশুনি,17
87,4,বড়দল,25
87,4,বুধহাটা,34
87,4,দরগাহপুর,43
87,4,দরগাহপুর,43
87,4,কাদাকাটি,56
87,4,খাজরা,60
87,4,কুল্যা,69
87,4,প্রতাপনগর,77
87,4,প্রতাপনগর,77
87,4,শোভনালী,86
87,4,শোভনালী,86
87,4,শ্রীউলা,94
87,4,শ্রীউলা,94
87,25,দেবহাটা সদর,15
87,25,দেবহাটা সদর,15
87,25,কুলিয়া,31
87,25,কুলিয়া,31
87,25,নওয়াপাড়া,47