DISTRICT GEO CODE,UPAJILA GEO CODE,MOUJA NAME,CS JL NO,CS DISTRICT,CS UPAJILA NAME,SA JL NO,SA DISTRICT,SA UPAJILA NAME,RS JL NO,RS DISTRICT,RS UPAJILA NAME
10,54,কালাই,1,বগুড়া,কাহালু,1,বগুড়া,কাহালু,-,-,-
10,54,বিরকেদার,2,বগুড়া,কাহালু,2,বগুড়া,কাহালু,-,-,-
10,54,ডেপুইল,3,বগুড়া,কাহালু,3,বগুড়া,কাহালু,-,-,-
10,54,অবিলম্ব,4,বগুড়া,কাহালু,4,বগুড়া,কাহালু,-,-,-
10,54,কাজিরপাড়া,5,বগুড়া,কাহালু,5,বগুড়া,কাহালু,-,-,-
10,54,বাথই,6,বগুড়া,কাহালু,6,বগুড়া,কাহালু,-,-,-
10,54,লহরাপাড়া,7,বগুড়া,কাহালু,7,বগুড়া,কাহালু,-,-,-
10,54,আয়রা,8,বগুড়া,কাহালু,8,বগুড়া,কাহালু,-,-,-
10,54,কল্যানপুর,9,বগুড়া,কাহালু,9,বগুড়া,কাহালু,-,-,-
10,54,পাচগাও,10,বগুড়া,কাহালু,10,বগুড়া,কাহালু,-,-,-
10,54,পিলকুঞ্জ,11,বগুড়া,কাহালু,11,বগুড়া,কাহালু,-,-,-
10,54,চক নজিব,12,বগুড়া,কাহালু,12,বগুড়া,কাহালু,-,-,-
10,54,ভাদাহার,13,বগুড়া,কাহালু,13,বগুড়া,কাহালু,-,-,-
10,54,দামগাড়া,14,বগুড়া,কাহালু,14,বগুড়া,কাহালু,-,-,-
10,54,উতরা,15,বগুড়া,কাহালু,15,বগুড়া,কাহালু,-,-,-
10,54,পাঁচখুর,16,বগুড়া,কাহালু,16,বগুড়া,কাহালু,-,-,-
10,54,ভুগইল,17,বগুড়া,কাহালু,17,বগুড়া,কাহালু,-,-,-
10,54,মহিষমুড়া,18,বগুড়া,কাহালু,18,বগুড়া,কাহালু,-,-,-
10,54,বোনবোনাই,19,বগুড়া,কাহালু,19,বগুড়া,কাহালু,-,-,-
10,54,কুশলিহার,20,বগুড়া,কাহালু,20,বগুড়া,কাহালু,-,-,-
10,54,বাঘোহালি,21,বগুড়া,কাহালু,21,বগুড়া,কাহালু,-,-,-
10,54,পিড়াপাট,22,বগুড়া,কাহালু,22,বগুড়া,কাহালু,-,-,-
10,54,যুগির ভবন,23,বগুড়া,কাহালু,23,বগুড়া,কাহালু,-,-,-
10,54,ভাটালী,24,বগুড়া,কাহালু,24,বগুড়া,কাহালু,-,-,-
10,54,রামপুর,25,বগুড়া,কাহালু,25,বগুড়া,কাহালু,-,-,-
10,54,আড়োলা,26,বগুড়া,কাহালু,26,বগুড়া,কাহালু,-,-,-
10,54,উত্তর আখরাইল,27,বগুড়া,কাহালু,27,বগুড়া,কাহালু,-,-,-
10,54,দোদাই,28,বগুড়া,কাহালু,28,বগুড়া,কাহালু,-,-,-
10,54,বিনোদ,29,বগুড়া,কাহালু,29,বগুড়া,কাহালু,-,-,-
10,54,খয়রা পালশা,30,বগুড়া,কাহালু,30,বগুড়া,কাহালু,-,-,-
10,54,পাইকর,31,বগুড়া,কাহালু,31,বগুড়া,কাহালু,-,-,-
10,54,বরঙ্গাশনী,32,বগুড়া,কাহালু,32,বগুড়া,কাহালু,-,-,-
10,54,মালিগাছা,33,বগুড়া,কাহালু,33,বগুড়া,কাহালু,-,-,-
10,54,দোগাছি,34,বগুড়া,কাহালু,34,বগুড়া,কাহালু,-,-,-
10,54,শিমুলিয়া,35,বগুড়া,কাহালু,35,বগুড়া,কাহালু,-,-,-
10,54,বড় মহর,36,বগুড়া,কাহালু,36,বগুড়া,কাহালু,-,-,-
10,54,সামন্তহার,37,বগুড়া,কাহালু,37,বগুড়া,কাহালু,-,-,-
10,54,পীড়াপাট,38,বগুড়া,কাহালু,38,বগুড়া,কাহালু,-,-,-
10,54,যাত্রাশোল,39,বগুড়া,কাহালু,39,বগুড়া,কাহালু,-,-,-
10,54,নৈহাটি,40,বগুড়া,কাহালু,40,বগুড়া,কাহালু,-,-,-
10,54,ভালতা ,41,বগুড়া,কাহালু,41,বগুড়া,কাহালু,-,-,-
10,54,নাড়ুয়া,42,বগুড়া,কাহালু,42,বগুড়া,কাহালু,-,-,-
10,54,মুড়ইল,43,বগুড়া,কাহালু,43,বগুড়া,কাহালু,-,-,-
10,54,ভাগদুবড়া,44,বগুড়া,কাহালু,44,বগুড়া,কাহালু,-,-,-
10,54,শিকড়,45,বগুড়া,কাহালু,45,বগুড়া,কাহালু,-,-,-
10,54,মাধববাঁকা,46,বগুড়া,কাহালু,46,বগুড়া,কাহালু,-,-,-
10,54,নারহ্ট্ট,47,বগুড়া,কাহালু,47,বগুড়া,কাহালু,-,-,-
10,54,শিলকওর,48,বগুড়া,কাহালু,48,বগুড়া,কাহালু,-,-,-
10,54,লোহাজাল,49,বগুড়া,কাহালু,49,বগুড়া,কাহালু,-,-,-
10,54,বাসুদেববাটী,50,বগুড়া,কাহালু,50,বগুড়া,কাহালু,-,-,-
10,54,নিশ্চিন্তছান্দনী,51,বগুড়া,কাহালু,51,বগুড়া,কাহালু,-,-,-
10,54,শেকাহার শ্যামপুর,52,বগুড়া,কাহালু,52,বগুড়া,কাহালু,-,-,-
10,54,বানিয়াদিঘি,53,বগুড়া,কাহালু,53,বগুড়া,কাহালু,-,-,-
10,54,কড়ইগোকুল,54,বগুড়া,কাহালু,54,বগুড়া,কাহালু,-,-,-
10,54,মালিবাড়ী,55,বগুড়া,কাহালু,55,বগুড়া,কাহালু,-,-,-
10,54,ভোলতা,56,বগুড়া,কাহালু,56,বগুড়া,কাহালু,-,-,-
10,54,কাশীমালা,57,বগুড়া,কাহালু,57,বগুড়া,কাহালু,-,-,-
10,54,কাউরাস,58,বগুড়া,কাহালু,58,বগুড়া,কাহালু,-,-,-
10,54,মোড়লই,59,বগুড়া,কাহালু,59,বগুড়া,কাহালু,-,-,-
10,54,মল্লিকপুর,60,বগুড়া,কাহালু,60,বগুড়া,কাহালু,-,-,-
10,54,টিটিয়া,61,বগুড়া,কাহালু,61,বগুড়া,কাহালু,-,-,-
10,54,গুন্ডীশ্বর,62,বগুড়া,কাহালু,62,বগুড়া,কাহালু,-,-,-
10,54,মহিষবাথান,63,বগুড়া,কাহালু,63,বগুড়া,কাহালু,-,-,-
10,54,প্রতাবপুর,64,বগুড়া,কাহালু,64,বগুড়া,কাহালু,-,-,-
10,54,লোকনাথপাড়া,65,বগুড়া,কাহালু,65,বগুড়া,কাহালু,-,-,-
10,54,নলঘরিয়া,66,বগুড়া,কাহালু,66,বগুড়া,কাহালু,-,-,-
10,54,কালিশকুড়ি,67,বগুড়া,কাহালু,67,বগুড়া,কাহালু,-,-,-
10,54,গৌরীপুর,68,বগুড়া,কাহালু,68,বগুড়া,কাহালু,-,-,-
10,54,আখুঞ্জা,69,বগুড়া,কাহালু,69,বগুড়া,কাহালু,-,-,-
10,54,তেলিয়ান,70,বগুড়া,কাহালু,70,বগুড়া,কাহালু,-,-,-
10,54,লক্ষxপুর,71,বগুড়া,কাহালু,71,বগুড়া,কাহালু,-,-,-
10,54,কানরা,72,বগুড়া,কাহালু,72,বগুড়া,কাহালু,-,-,-
10,54,পানদিঘী,73,বগুড়া,কাহালু,73,বগুড়া,কাহালু,-,-,-
10,54,জয়তুল,74,বগুড়া,কাহালু,74,বগুড়া,কাহালু,-,-,-
10,54,গিরাইল,75,বগুড়া,কাহালু,75,বগুড়া,কাহালু,-,-,-
10,54,নশিরপাড়া,76,বগুড়া,কাহালু,76,বগুড়া,কাহালু,-,-,-
10,54,বুড়ইল,77,বগুড়া,কাহালু,77,বগুড়া,কাহালু,-,-,-
10,54,দামাই,78,বগুড়া,কাহালু,78,বগুড়া,কাহালু,-,-,-
10,54,রাউৎগাড়ী,79,বগুড়া,কাহালু,79,বগুড়া,কাহালু,-,-,-
10,54,কাটনাহার,80,বগুড়া,কাহালু,80,বগুড়া,কাহালু,-,-,-
10,54,কাইট,81,বগুড়া,কাহালু,81,বগুড়া,কাহালু,-,-,-
10,54,উলট,82,বগুড়া,কাহালু,82,বগুড়া,কাহালু,-,-,-
10,54,শিতলাই,83,বগুড়া,কাহালু,83,বগুড়া,কাহালু,-,-,-
10,54,বেলঘরিয়া,84,বগুড়া,কাহালু,84,বগুড়া,কাহালু,-,-,-
10,54,বিষ্ণুপুর,85,বগুড়া,কাহালু,85,বগুড়া,কাহালু,-,-,-
10,54,বাখরা,86,বগুড়া,কাহালু,86,বগুড়া,কাহালু,-,-,-
10,54,ইসবপুর,87,বগুড়া,কাহালু,87,বগুড়া,কাহালু,-,-,-
10,54,বীরপাল্লা,88,বগুড়া,কাহালু,88,বগুড়া,কাহালু,-,-,-
10,54,ধাওয়াপাড়া,89,বগুড়া,কাহালু,89,বগুড়া,কাহালু,-,-,-
10,54,মালহালী,90,বগুড়া,কাহালু,90,বগুড়া,কাহালু,-,-,-
10,54,ওলাহালি,91,বগুড়া,কাহালু,91,বগুড়া,কাহালু,-,-,-
10,54,দেহড়,92,বগুড়া,কাহালু,92,বগুড়া,কাহালু,-,-,-
10,54,রঘুনাথপুর,93,বগুড়া,কাহালু,93,বগুড়া,কাহালু,-,-,-
10,54,ডুমুরগাঁ,94,বগুড়া,কাহালু,94,বগুড়া,কাহালু,-,-,-
10,54,আগরসাল,95,বগুড়া,কাহালু,95,বগুড়া,কাহালু,-,-,-
10,54,মহেশপুর,96,বগুড়া,কাহালু,96,বগুড়া,কাহালু,-,-,-
10,54,জয়সারা,97,বগুড়া,কাহালু,97,বগুড়া,কাহালু,-,-,-
10,54,কাহালু,98,বগুড়া,কাহালু,98,বগুড়া,কাহালু,-,-,-
10,54,বোরতা,99,বগুড়া,কাহালু,99,বগুড়া,কাহালু,-,-,-
10,54,শাকোহালি,100,বগুড়া,কাহালু,100,বগুড়া,কাহালু,-,-,-
10,54,আওলা খয়ের,101,বগুড়া,কাহালু,101,বগুড়া,কাহালু,-,-,-
10,54,খাজলাল,102,বগুড়া,কাহালু,102,বগুড়া,কাহালু,-,-,-
10,54,নারকেলী,103,বগুড়া,কাহালু,103,বগুড়া,কাহালু,-,-,-
10,54,সাবানপুর,104,বগুড়া,কাহালু,104,বগুড়া,কাহালু,-,-,-
10,54,দুগাপুর,105,বগুড়া,কাহালু,105,বগুড়া,কাহালু,-,-,-
10,54,আটাশী,106,বগুড়া,কাহালু,106,বগুড়া,কাহালু,-,-,-
10,54,কাজিপাড়া,107,বগুড়া,কাহালু,107,বগুড়া,কাহালু,-,-,-
10,54,ছাইপাড়া,108,বগুড়া,কাহালু,108,বগুড়া,কাহালু,-,-,-
10,54,লক্ষীচাপড়,109,বগুড়া,কাহালু,109,বগুড়া,কাহালু,-,-,-
10,54,খাড়িয়া নিশিন্দারা,110,বগুড়া,কাহালু,110,বগুড়া,কাহালু,-,-,-
10,54,ধানপুজা,111,বগুড়া,কাহালু,111,বগুড়া,কাহালু,-,-,-
10,54,ধলাহার,112,বগুড়া,কাহালু,112,বগুড়া,কাহালু,-,-,-
10,54,পদ্মপড়া,113,বগুড়া,কাহালু,113,বগুড়া,কাহালু,-,-,-
10,54,নেয়ামতপুর,114,বগুড়া,কাহালু,114,বগুড়া,কাহালু,-,-,-
10,54,রঞ্জিতপুর,115,বগুড়া,কাহালু,115,বগুড়া,কাহালু,-,-,-
10,54,চাকদহ,116,বগুড়া,কাহালু,116,বগুড়া,কাহালু,-,-,-
10,54,ঢেকরা,117,বগুড়া,কাহালু,117,বগুড়া,কাহালু,-,-,-
10,54,হরিপুর,118,বগুড়া,কাহালু,118,বগুড়া,কাহালু,-,-,-
10,54,দেওগাঁও,119,বগুড়া,কাহালু,119,বগুড়া,কাহালু,-,-,-
10,54,হারলতা,120,বগুড়া,কাহালু,120,বগুড়া,কাহালু,-,-,-
10,54,বান্দাইখাড়া,121,বগুড়া,কাহালু,121,বগুড়া,কাহালু,-,-,-
10,54,কেশবপুর,122,বগুড়া,কাহালু,122,বগুড়া,কাহালু,-,-,-
10,54,পানাই,123,বগুড়া,কাহালু,123,বগুড়া,কাহালু,-,-,-
10,54,বাকরা,124,বগুড়া,কাহালু,124,বগুড়া,কাহালু,-,-,-
10,54,নিমারপাড়া,125,বগুড়া,কাহালু,125,বগুড়া,কাহালু,-,-,-
10,54,ভাগজোড়,126,বগুড়া,কাহালু,126,বগুড়া,কাহালু,-,-,-
10,54,মাগুড়া,127,বগুড়া,কাহালু,127,বগুড়া,কাহালু,-,-,-
10,54,বাঘাইর,128,বগুড়া,কাহালু,128,বগুড়া,কাহালু,-,-,-
10,54,ঢাকন্তা,129,বগুড়া,কাহালু,129,বগুড়া,কাহালু,-,-,-
10,54,গুড়বিশা,130,বগুড়া,কাহালু,130,বগুড়া,কাহালু,-,-,-
10,54,বড় পুকুরিয়া,131,বগুড়া,কাহালু,131,বগুড়া,কাহালু,-,-,-
10,54,পাফরা,132,বগুড়া,কাহালু,132,বগুড়া,কাহালু,-,-,-
10,54,আঘোর,133,বগুড়া,কাহালু,133,বগুড়া,কাহালু,-,-,-
10,54,মালঞ্চা,134,বগুড়া,কাহালু,134,বগুড়া,কাহালু,-,-,-
10,54,মহারাজাই,135,বগুড়া,কাহালু,135,বগুড়া,কাহালু,-,-,-
10,54,মাটিহাস,136,বগুড়া,কাহালু,136,বগুড়া,কাহালু,-,-,-
10,54,বড়গাছা,137,বগুড়া,কাহালু,137,বগুড়া,কাহালু,-,-,-
10,54,এরুল,138,বগুড়া,কাহালু,138,বগুড়া,কাহালু,-,-,-
10,54,বড় চাপড়,139,বগুড়া,কাহালু,139,বগুড়া,কাহালু,-,-,-
10,54,বিশা,140,বগুড়া,কাহালু,140,বগুড়া,কাহালু,-,-,-
10,54,সাতরুখা,141,বগুড়া,কাহালু,141,বগুড়া,কাহালু,-,-,-
10,54,পানিসারা,142,বগুড়া,কাহালু,142,বগুড়া,কাহালু,-,-,-
10,54,কলমাশিবা,143,বগুড়া,কাহালু,143,বগুড়া,কাহালু,-,-,-
10,54,শেখকলমা,144,বগুড়া,কাহালু,144,বগুড়া,কাহালু,-,-,-
10,54,আলগছত্র,145,বগুড়া,কাহালু,145,বগুড়া,কাহালু,-,-,-
10,54,কল্যানপাড়া,146,বগুড়া,কাহালু,146,বগুড়া,কাহালু,-,-,-
10,54,ভিটিসোনাই,147,বগুড়া,কাহালু,147,বগুড়া,কাহালু,-,-,-
10,54,ভালশুন,148,বগুড়া,কাহালু,148,বগুড়া,কাহালু,-,-,-
10,54,কৃষ্ণপুর,149,বগুড়া,কাহালু,149,বগুড়া,কাহালু,-,-,-
10,54,দারাই,150,বগুড়া,কাহালু,150,বগুড়া,কাহালু,-,-,-
10,54,পরিশেষ,151,বগুড়া,কাহালু,151,বগুড়া,কাহালু,-,-,-
10,54,দক্ষিন আখরাইল,152,বগুড়া,কাহালু,152,বগুড়া,কাহালু,-,-,-
10,54,গোকণ,153,বগুড়া,কাহালু,153,বগুড়া,কাহালু,-,-,-
10,54,জামগাঁও,154,বগুড়া,কাহালু,154,বগুড়া,কাহালু,-,-,-
10,54,করঞ্জাপাড়া,155,বগুড়া,কাহালু,155,বগুড়া,কাহালু,-,-,-
10,54,কুরসন,156,বগুড়া,কাহালু,156,বগুড়া,কাহালু,-,-,-
10,54,শিয়ালী ভবানীপুর,157,বগুড়া,কাহালু,157,বগুড়া,কাহালু,-,-,-
10,54,খুরাসস্টি,158,বগুড়া,কাহালু,158,বগুড়া,কাহালু,-,-,-
10,54,উত্তর দেবখন্ড,159,বগুড়া,কাহালু,159,বগুড়া,কাহালু,-,-,-
10,54,চিরতা,160,বগুড়া,কাহালু,160,বগুড়া,কাহালু,-,-,-
10,54,দক্ষিন দেবখন্ড,161,বগুড়া,কাহালু,161,বগুড়া,কাহালু,-,-,-
10,54,অন্তাহার,162,বগুড়া,কাহালু,162,বগুড়া,কাহালু,-,-,-
10,54,আচিলাহার,163,বগুড়া,কাহালু,163,বগুড়া,কাহালু,-,-,-
10,54,গাওরা-লক্ষীমন্ডপ,164,বগুড়া,কাহালু,164,বগুড়া,কাহালু,-,-,-
10,54,শান্তা,165,বগুড়া,কাহালু,165,বগুড়া,কাহালু,-,-,-
10,54,মহিষমারা,166,বগুড়া,কাহালু,166,বগুড়া,কাহালু,-,-,-
10,06,বিনাহালী,106,বগুড়া,আদমদীঘি,106,বগুড়া,আদমদীঘি,-,-,-
10,06,ঘোড়াদহ,107,বগুড়া,আদমদীঘি,107,বগুড়া,আদমদীঘি,-,-,-
10,06,দেলুঞ্জা,108,বগুড়া,আদমদীঘি,108,বগুড়া,আদমদীঘি,-,-,-
10,06,জগতি,109,বগুড়া,আদমদীঘি,109,বগুড়া,আদমদীঘি,-,-,-
10,06,দেওড়া,110,বগুড়া,আদমদীঘি,110,বগুড়া,আদমদীঘি,-,-,-
10,06,সাঐল,111,বগুড়া,আদমদীঘি,111,বগুড়া,আদমদীঘি,-,-,-
10,06,মঙ্গলপুর,112,বগুড়া,আদমদীঘি,112,বগুড়া,আদমদীঘি,-,-,-
10,06,কুমারপুর,113,বগুড়া,আদমদীঘি,113,বগুড়া,আদমদীঘি,-,-,-
10,06,মারমা,114,বগুড়া,আদমদীঘি,114,বগুড়া,আদমদীঘি,-,-,-
10,06,ঘোলকুড়ী,115,বগুড়া,আদমদীঘি,115,বগুড়া,আদমদীঘি,-,-,-
10,06,শ্রীকনদিঘী,116,বগুড়া,আদমদীঘি,116,বগুড়া,আদমদীঘি,-,-,-
10,06,পুনঘরদিঘী,117,বগুড়া,আদমদীঘি,117,বগুড়া,আদমদীঘি,-,-,-
10,06,আমৈল,118,বগুড়া,আদমদীঘি,118,বগুড়া,আদমদীঘি,-,-,-
10,06,খাপুড়া,119,বগুড়া,আদমদীঘি,119,বগুড়া,আদমদীঘি,-,-,-
10,06,মানিকপুর,120,বগুড়া,আদমদীঘি,120,বগুড়া,আদমদীঘি,-,-,-
10,06,নুরনগর,121,বগুড়া,আদমদীঘি,121,বগুড়া,আদমদীঘি,-,-,-
10,06,আব্দুল্লাপুর,122,বগুড়া,আদমদীঘি,122,বগুড়া,আদমদীঘি,-,-,-
10,06,লক্ষিকোল,123,বগুড়া,আদমদীঘি,123,বগুড়া,আদমদীঘি,-,-,-
10,06,ছাতিয়ান গ্রাম,124,বগুড়া,আদমদীঘি,124,বগুড়া,আদমদীঘি,-,-,-
10,06,বড় আখিড়া,125,বগুড়া,আদমদীঘি,125,বগুড়া,আদমদীঘি,-,-,-
10,06,ছোট আখিড়া,126,বগুড়া,আদমদীঘি,126,বগুড়া,আদমদীঘি,-,-,-
10,06,ভেবরা,127,বগুড়া,আদমদীঘি,127,বগুড়া,আদমদীঘি,-,-,-
10,06,দাড়িকুড়ি,128,বগুড়া,আদমদীঘি,128,বগুড়া,আদমদীঘি,-,-,-
10,06,সাগরপুর,129,বগুড়া,আদমদীঘি,129,বগুড়া,আদমদীঘি,-,-,-
10,06,কৈকুড়ি,130,বগুড়া,আদমদীঘি,130,বগুড়া,আদমদীঘি,-,-,-
10,06,শালগাও,131,বগুড়া,আদমদীঘি,131,বগুড়া,আদমদীঘি,-,-,-
10,06,বড়দিঘী,132,বগুড়া,আদমদীঘি,132,বগুড়া,আদমদীঘি,-,-,-
10,06,জিনরী,133,বগুড়া,আদমদীঘি,133,বগুড়া,আদমদীঘি,-,-,-
10,06,দক্ষিণ বিষ্ণুপুর,134,বগুড়া,আদমদীঘি,134,বগুড়া,আদমদীঘি,-,-,-
10,06,পুশিন্দা,135,বগুড়া,আদমদীঘি,135,বগুড়া,আদমদীঘি,-,-,-
10,06,দত্তবাড়ীয়া,136,বগুড়া,আদমদীঘি,136,বগুড়া,আদমদীঘি,-,-,-
10,06,শাঁকোয়া,137,বগুড়া,আদমদীঘি,137,বগুড়া,আদমদীঘি,-,-,-
10,06,ধামাইল,138,বগুড়া,আদমদীঘি,138,বগুড়া,আদমদীঘি,-,-,-
10,06,ছোট চাটখৈর,139,বগুড়া,আদমদীঘি,139,বগুড়া,আদমদীঘি,-,-,-
10,06,চাটখৈর,140,বগুড়া,আদমদীঘি,140,বগুড়া,আদমদীঘি,-,-,-
10,06,মুরাইল,141,বগুড়া,আদমদীঘি,141,বগুড়া,আদমদীঘি,-,-,-
10,06,খরিয়াকান্দি,142,বগুড়া,আদমদীঘি,142,বগুড়া,আদমদীঘি,-,-,-
10,06,বিনসারা,143,বগুড়া,আদমদীঘি,143,বগুড়া,আদমদীঘি,-,-,-
10,06,নশরতপুর,144,বগুড়া,আদমদীঘি,144,বগুড়া,আদমদীঘি,-,-,-
10,06,ডুমুরগাঁও,145,বগুড়া,আদমদীঘি,145,বগুড়া,আদমদীঘি,-,-,-
10,06,তেঘরী,146,বগুড়া,আদমদীঘি,146,বগুড়া,আদমদীঘি,-,-,-
10,06,শিবপুর,147,বগুড়া,আদমদীঘি,147,বগুড়া,আদমদীঘি,-,-,-
10,06,উজ্জলতা,148,বগুড়া,আদমদীঘি,148,বগুড়া,আদমদীঘি,-,-,-
10,06,তেঁতুলিয়া,149,বগুড়া,আদমদীঘি,149,বগুড়া,আদমদীঘি,-,-,-
10,06,তালসন,150,বগুড়া,আদমদীঘি,150,বগুড়া,আদমদীঘি,-,-,-
10,06,শিয়ালশোন,151,বগুড়া,আদমদীঘি,151,বগুড়া,আদমদীঘি,-,-,-
10,06,গোড়গাঁও,152,বগুড়া,আদমদীঘি,152,বগুড়া,আদমদীঘি,-,-,-
10,06,ডহরপুর,153,বগুড়া,আদমদীঘি,153,বগুড়া,আদমদীঘি,-,-,-
10,06,ডালম্বা,154,বগুড়া,আদমদীঘি,154,বগুড়া,আদমদীঘি,-,-,-
10,06,আদমদীঘি,155,বগুড়া,আদমদীঘি,155,বগুড়া,আদমদীঘি,-,-,-
10,06,পাইকপাড়া,156,বগুড়া,আদমদীঘি,156,বগুড়া,আদমদীঘি,-,-,-
10,06,বামনীগাঁও,157,বগুড়া,আদমদীঘি,157,বগুড়া,আদমদীঘি,-,-,-
10,06,উথরাইল,158,বগুড়া,আদমদীঘি,158,বগুড়া,আদমদীঘি,-,-,-
10,06,ইন্দইল,159,বগুড়া,আদমদীঘি,159,বগুড়া,আদমদীঘি,-,-,-
10,06,পশ্চিম সিংড়া,160,বগুড়া,আদমদীঘি,160,বগুড়া,আদমদীঘি,-,-,-
10,06,কায়েতপাড়া,161,বগুড়া,আদমদীঘি,161,বগুড়া,আদমদীঘি,-,-,-
10,06,কাশিমিলা,162,বগুড়া,আদমদীঘি,162,বগুড়া,আদমদীঘি,-,-,-
10,06,প্রসাদখালী,163,বগুড়া,আদমদীঘি,163,বগুড়া,আদমদীঘি,-,-,-
10,06,দমদমা,164,বগুড়া,আদমদীঘি,164,বগুড়া,আদমদীঘি,-,-,-
10,06,তিয়রপাড়া,165,বগুড়া,আদমদীঘি,165,বগুড়া,আদমদীঘি,-,-,-
10,06,কামারকুড়ি,166,বগুড়া,আদমদীঘি,166,বগুড়া,আদমদীঘি,-,-,-
10,06,দোগাছি,167,বগুড়া,আদমদীঘি,167,বগুড়া,আদমদীঘি,-,-,-
10,06,টিকুড়ী,168,বগুড়া,আদমদীঘি,168,বগুড়া,আদমদীঘি,-,-,-
10,06,পারব্বতীপুর,169,বগুড়া,আদমদীঘি,169,বগুড়া,আদমদীঘি,-,-,-
10,06,বসীপুর,170,বগুড়া,আদমদীঘি,170,বগুড়া,আদমদীঘি,-,-,-
10,06,কলসা,171,বগুড়া,আদমদীঘি,171,বগুড়া,আদমদীঘি,-,-,-
10,06,হলুদঘর,172,বগুড়া,আদমদীঘি,172,বগুড়া,আদমদীঘি,-,-,-
10,06,সান্তাহার,173,বগুড়া,আদমদীঘি,173,বগুড়া,আদমদীঘি,-,-,-
10,06,মালসন,174,বগুড়া,আদমদীঘি,174,বগুড়া,আদমদীঘি,-,-,-
10,06,সান্দিরা,175,বগুড়া,আদমদীঘি,175,বগুড়া,আদমদীঘি,-,-,-
10,06,তারাপুর,176,বগুড়া,আদমদীঘি,176,বগুড়া,আদমদীঘি,-,-,-
10,06,ছাতনী,177,বগুড়া,আদমদীঘি,177,বগুড়া,আদমদীঘি,-,-,-
10,06,প্রাননাথপুর,178,বগুড়া,আদমদীঘি,178,বগুড়া,আদমদীঘি,-,-,-
10,06,দরিয়াপুর,179,বগুড়া,আদমদীঘি,179,বগুড়া,আদমদীঘি,-,-,-
10,06,ঢেকরা,180,বগুড়া,আদমদীঘি,180,বগুড়া,আদমদীঘি,-,-,-
10,06,কাশীপুর,181,বগুড়া,আদমদীঘি,181,বগুড়া,আদমদীঘি,-,-,-
10,06,মোল্লাপুর,182,বগুড়া,আদমদীঘি,182,বগুড়া,আদমদীঘি,-,-,-
10,06,বিলভোমরা,183,বগুড়া,আদমদীঘি,183,বগুড়া,আদমদীঘি,-,-,-
10,06,দক্ষিন গনিপুর,184,বগুড়া,আদমদীঘি,184,বগুড়া,আদমদীঘি,-,-,-
10,06,করজবাড়ীয়া,185,বগুড়া,আদমদীঘি,185,বগুড়া,আদমদীঘি,-,-,-
10,06,কদমা,186,বগুড়া,আদমদীঘি,186,বগুড়া,আদমদীঘি,-,-,-
10,06,রামপুরা,187,বগুড়া,আদমদীঘি,187,বগুড়া,আদমদীঘি,-,-,-
10,06,কাশীমালা,188,বগুড়া,আদমদীঘি,188,বগুড়া,আদমদীঘি,-,-,-
10,06,জোরপুকুরিয়া,189,বগুড়া,আদমদীঘি,189,বগুড়া,আদমদীঘি,-,-,-
10,06,মন্ডবপুর,190,বগুড়া,আদমদীঘি,190,বগুড়া,আদমদীঘি,-,-,-
10,06,কুসুম্বী,191,বগুড়া,আদমদীঘি,191,বগুড়া,আদমদীঘি,-,-,-
10,06,পাল্লা,192,বগুড়া,আদমদীঘি,192,বগুড়া,আদমদীঘি,-,-,-
10,06,দিঘরা,193,বগুড়া,আদমদীঘি,193,বগুড়া,আদমদীঘি,-,-,-
10,06,কেশরতা,194,বগুড়া,আদমদীঘি,194,বগুড়া,আদমদীঘি,-,-,-
10,06,বড়বরিয়া,195,বগুড়া,আদমদীঘি,195,বগুড়া,আদমদীঘি,-,-,-
10,06,মুরাদপুর,196,বগুড়া,আদমদীঘি,196,বগুড়া,আদমদীঘি,-,-,-
10,06,সুদিন,197,বগুড়া,আদমদীঘি,197,বগুড়া,আদমদীঘি,-,-,-
10,06,সিহরী,198,বগুড়া,আদমদীঘি,198,বগুড়া,আদমদীঘি,-,-,-
10,06,লক্ষীপুর,199,বগুড়া,আদমদীঘি,199,বগুড়া,আদমদীঘি,-,-,-
10,06,পুর্ব্ব ডালম্বা,200,বগুড়া,আদমদীঘি,200,বগুড়া,আদমদীঘি,-,-,-
10,06,লতিবপুর,201,বগুড়া,আদমদীঘি,201,বগুড়া,আদমদীঘি,-,-,-
10,06,কোচকুড়ি,202,বগুড়া,আদমদীঘি,202,বগুড়া,আদমদীঘি,-,-,-
10,06,নিমকুড়ি,203,বগুড়া,আদমদীঘি,203,বগুড়া,আদমদীঘি,-,-,-
10,06,বশীকোড়া,204,বগুড়া,আদমদীঘি,204,বগুড়া,আদমদীঘি,-,-,-
10,06,তি্লোচ,205,বগুড়া,আদমদীঘি,205,বগুড়া,আদমদীঘি,-,-,-
10,06,কাথলা,206,বগুড়া,আদমদীঘি,206,বগুড়া,আদমদীঘি,-,-,-
10,06,জয়দেবপুর,207,বগুড়া,আদমদীঘি,207,বগুড়া,আদমদীঘি,-,-,-
10,06,চেচুয়া,208,বগুড়া,আদমদীঘি,208,বগুড়া,আদমদীঘি,-,-,-
10,06,কুন্দগাম,209,বগুড়া,আদমদীঘি,209,বগুড়া,আদমদীঘি,-,-,-
10,06,ছাতুয়া,210,বগুড়া,আদমদীঘি,210,বগুড়া,আদমদীঘি,-,-,-
10,06,পুব্ব সিংড়া,211,বগুড়া,আদমদীঘি,211,বগুড়া,আদমদীঘি,-,-,-
10,06,কড়ই,212,বগুড়া,আদমদীঘি,212,বগুড়া,আদমদীঘি,-,-,-
10,06,গাড়োহালী,213,বগুড়া,আদমদীঘি,213,বগুড়া,আদমদীঘি,-,-,-
10,06,বিহিগ্রাম,214,বগুড়া,আদমদীঘি,214,বগুড়া,আদমদীঘি,-,-,-
10,06,মিতইল,215,বগুড়া,আদমদীঘি,215,বগুড়া,আদমদীঘি,-,-,-
10,06,আড়াইল,216,বগুড়া,আদমদীঘি,216,বগুড়া,আদমদীঘি,-,-,-
10,06,তারতা,217,বগুড়া,আদমদীঘি,217,বগুড়া,আদমদীঘি,-,-,-
10,06,মদনঘোষ,218,বগুড়া,আদমদীঘি,218,বগুড়া,আদমদীঘি,-,-,-
10,06,কুশাবাড়ী,219,বগুড়া,আদমদীঘি,219,বগুড়া,আদমদীঘি,-,-,-
10,06,হাটসারা,220,বগুড়া,আদমদীঘি,220,বগুড়া,আদমদীঘি,-,-,-
10,06,পালনকুড়ি,221,বগুড়া,আদমদীঘি,221,বগুড়া,আদমদীঘি,-,-,-
10,06,ঝাখর,222,বগুড়া,আদমদীঘি,222,বগুড়া,আদমদীঘি,-,-,-
10,06,বনতৈর,223,বগুড়া,আদমদীঘি,223,বগুড়া,আদমদীঘি,-,-,-
10,06,বরিয়াবাত্তা,224,বগুড়া,আদমদীঘি,224,বগুড়া,আদমদীঘি,-,-,-
10,06,সিঙ্গাহার,225,বগুড়া,আদমদীঘি,225,বগুড়া,আদমদীঘি,-,-,-
10,06,কয়াকুঞ্চি,226,বগুড়া,আদমদীঘি,226,বগুড়া,আদমদীঘি,-,-,-
10,06,বাড়িয়া,227,বগুড়া,আদমদীঘি,227,বগুড়া,আদমদীঘি,-,-,-
10,06,গোবিন্দপুর,228,বগুড়া,আদমদীঘি,228,বগুড়া,আদমদীঘি,-,-,-
10,40,বাগবাড়ী দিগর,1,বগুড়া,গাবতলী,1,বগুড়া,গাবতলী,-,-,-
10,40,দিঘীরপাড়,2,বগুড়া,গাবতলী,2,বগুড়া,গাবতলী,-,-,-
10,40,আগাবরগাছা,3,বগুড়া,গাবতলী,3,বগুড়া,গাবতলী,-,-,-
10,40,গবারপাড়া,4,বগুড়া,গাবতলী,4,বগুড়া,গাবতলী,-,-,-
10,40,উত্তর আটকড়িয়া,5,বগুড়া,গাবতলী,5,বগুড়া,গাবতলী,-,-,-
10,40,দক্ষিন আটকড়িয়া,6,বগুড়া,গাবতলী,6,বগুড়া,গাবতলী,-,-,-
10,40,হারিয়াকান্দি,7,বগুড়া,গাবতলী,7,বগুড়া,গাবতলী,-,-,-
10,40,উত্তর দিঘলকান্দী,8,বগুড়া,গাবতলী,8,বগুড়া,গাবতলী,-,-,-
10,40,কলসদহ,46,বগুড়া,গাবতলী,9,বগুড়া,গাবতলী,-,-,-
10,40,কোয়ালিকান্দী,45,বগুড়া,গাবতলী,10,বগুড়া,গাবতলী,-,-,-
10,40,পুগলিয়া,42,বগুড়া,গাবতলী,11,বগুড়া,গাবতলী,-,-,-
10,40,মহিষবাড়ী,10,বগুড়া,গাবতলী,12,বগুড়া,গাবতলী,-,-,-
10,40,বামনিয়াবর,9,বগুড়া,গাবতলী,13,বগুড়া,গাবতলী,-,-,-
10,40,নগরপাড়া,12,বগুড়া,গাবতলী,14,বগুড়া,গাবতলী,-,-,-
10,40,বড় বালুয়া,13,বগুড়া,গাবতলী,15,বগুড়া,গাবতলী,-,-,-
10,40,ছোট বালুয়া,14,বগুড়া,গাবতলী,16,বগুড়া,গাবতলী,-,-,-
10,40,কানুপুর,15,বগুড়া,গাবতলী,17,বগুড়া,গাবতলী,-,-,-
10,40,চমরগাছা,16,বগুড়া,গাবতলী,18,বগুড়া,গাবতলী,-,-,-
10,40,আগুনিয়াতাইর,17,বগুড়া,গাবতলী,19,বগুড়া,গাবতলী,-,-,-
10,40,গোপাই সাহবাজপুর,26,বগুড়া,গাবতলী,20,বগুড়া,গাবতলী,-,-,-
10,40,বিশুরপাড়া,27,বগুড়া,গাবতলী,21,বগুড়া,গাবতলী,-,-,-
10,40,বিশ্বনাথপুর,29,বগুড়া,গাবতলী,22,বগুড়া,গাবতলী,-,-,-
10,40,চকনন্দিন,23,বগুড়া,গাবতলী,23,বগুড়া,গাবতলী,-,-,-
10,40,গড়চৈতন্যপুর,28,বগুড়া,গাবতলী,24,বগুড়া,গাবতলী,-,-,-
10,40,গড় ফতেহপুর,25,বগুড়া,গাবতলী,25,বগুড়া,গাবতলী,-,-,-
10,40,কাবিলপুর,24,বগুড়া,গাবতলী,26,বগুড়া,গাবতলী,-,-,-
10,40,কামারপাড়া,18,বগুড়া,গাবতলী,27,বগুড়া,গাবতলী,-,-,-
10,40,পশ্চিম সুজাতপুর,19,বগুড়া,গাবতলী,28,বগুড়া,গাবতলী,-,-,-
10,40,চামুরপাড়া,20,বগুড়া,গাবতলী,29,বগুড়া,গাবতলী,-,-,-
10,40,রানীরপাড়া,21,বগুড়া,গাবতলী,30,বগুড়া,গাবতলী,-,-,-
10,40,কামালের পাড়া,22,বগুড়া,গাবতলী,31,বগুড়া,গাবতলী,-,-,-
10,40,নমাজখালী,36,বগুড়া,গাবতলী,32,বগুড়া,গাবতলী,-,-,-
10,40,রংরারপাড়া,37,বগুড়া,গাবতলী,33,বগুড়া,গাবতলী,-,-,-
10,40,খোদাদিলপাড়া,77,বগুড়া,গাবতলী,34,বগুড়া,গাবতলী,-,-,-
10,40,হলদিয়াবগা,76,বগুড়া,গাবতলী,35,বগুড়া,গাবতলী,-,-,-
10,40,সিচারপাড়া,38,বগুড়া,গাবতলী,36,বগুড়া,গাবতলী,-,-,-
10,40,রসিদপুর,11,বগুড়া,গাবতলী,37,বগুড়া,গাবতলী,-,-,-
10,40,ধর্ম্মকুল,41,বগুড়া,গাবতলী,38,বগুড়া,গাবতলী,-,-,-
10,40,মূলবাড়ী,40,বগুড়া,গাবতলী,39,বগুড়া,গাবতলী,-,-,-
10,40,ফাজিলপুর,43,বগুড়া,গাবতলী,40,বগুড়া,গাবতলী,-,-,-
10,40,লক্ষীনারায়ণপাড়া,44,বগুড়া,গাবতলী,41,বগুড়া,গাবতলী,-,-,-
10,40,বারঘড়িয়া,49,বগুড়া,গাবতলী,42,বগুড়া,গাবতলী,-,-,-
10,40,দিগদাইর,50,বগুড়া,গাবতলী,43,বগুড়া,গাবতলী,-,-,-
10,40,নুরপুর,51,বগুড়া,গাবতলী,44,বগুড়া,গাবতলী,-,-,-
10,40,কাতলাহার,53,বগুড়া,গাবতলী,45,বগুড়া,গাবতলী,-,-,-
10,40,নুরারপটল,52,বগুড়া,গাবতলী,46,বগুড়া,গাবতলী,-,-,-
10,40,মহিচরন,57,বগুড়া,গাবতলী,47,বগুড়া,গাবতলী,-,-,-
10,40,লোহাগাড়া,58,বগুড়া,গাবতলী,48,বগুড়া,গাবতলী,-,-,-
10,40,নিমারপাড়া,39,বগুড়া,গাবতলী,49,বগুড়া,গাবতলী,-,-,-
10,40,উত্তর জোরগাছা,73,বগুড়া,গাবতলী,50,বগুড়া,গাবতলী,-,-,-
10,40,সার্জ্জনপাড়া,74,বগুড়া,গাবতলী,51,বগুড়া,গাবতলী,-,-,-
10,40,বয়রা,71,বগুড়া,গাবতলী,52,বগুড়া,গাবতলী,-,-,-
10,40,পোড়াপাইকর,70,বগুড়া,গাবতলী,53,বগুড়া,গাবতলী,-,-,-
10,40,নওদাবগা,64,বগুড়া,গাবতলী,54,বগুড়া,গাবতলী,-,-,-
10,40,উত্তর গোসাইবাড়ী,72,বগুড়া,গাবতলী,55,বগুড়া,গাবতলী,-,-,-
10,40,মধ্য দীঘলকান্দি,59,বগুড়া,গাবতলী,56,বগুড়া,গাবতলী,-,-,-
10,40,উত্তর সুখানপুকুর,62,বগুড়া,গাবতলী,57,বগুড়া,গাবতলী,-,-,-
10,40,উত্তর বাশহাটা,61,বগুড়া,গাবতলী,58,বগুড়া,গাবতলী,-,-,-
10,40,চাড়ালকান্দি,60,বগুড়া,গাবতলী,59,বগুড়া,গাবতলী,-,-,-
10,40,সিহিপুর,63,বগুড়া,গাবতলী,60,বগুড়া,গাবতলী,-,-,-
10,40,তেলীহাটা,56,বগুড়া,গাবতলী,61,বগুড়া,গাবতলী,-,-,-
10,40,গনীয়ারি কান্দি,55,বগুড়া,গাবতলী,62,বগুড়া,গাবতলী,-,-,-
10,40,মাদারীপাড়া,54,বগুড়া,গাবতলী,63,বগুড়া,গাবতলী,-,-,-
10,40,সর্দ্ধনকুঠী,34,বগুড়া,গাবতলী,64,বগুড়া,গাবতলী,-,-,-
10,40,জমিরবাড়ীয়া,33,বগুড়া,গাবতলী,65,বগুড়া,গাবতলী,-,-,-
10,40,খুপী,19,বগুড়া,গাবতলী,66,বগুড়া,গাবতলী,-,-,-
10,40,পারাবাইসা,18,বগুড়া,গাবতলী,67,বগুড়া,গাবতলী,-,-,-
10,40,পাঠানপাড়া,48,বগুড়া,গাবতলী,68,বগুড়া,গাবতলী,-,-,-
10,40,মধ্যপাড়া,47,বগুড়া,গাবতলী,69,বগুড়া,গাবতলী,-,-,-
10,40,কৃষ্ণচন্দ্রপুর,16,বগুড়া,গাবতলী,70,বগুড়া,গাবতলী,-,-,-
10,40,গোয়ালপাড়া,15,বগুড়া,গাবতলী,71,বগুড়া,গাবতলী,-,-,-
10,40,লাঙ্গলু,14,বগুড়া,গাবতলী,72,বগুড়া,গাবতলী,-,-,-
10,40,দক্ষিণপাড়া,13,বগুড়া,গাবতলী,73,বগুড়া,গাবতলী,-,-,-
10,40,সিমুলতাইর,12,বগুড়া,গাবতলী,74,বগুড়া,গাবতলী,-,-,-
10,40,পশ্চিমপাড়া,11,বগুড়া,গাবতলী,75,বগুড়া,গাবতলী,-,-,-
10,40,পাচপাইকা,10,বগুড়া,গাবতলী,76,বগুড়া,গাবতলী,-,-,-
10,40,আমলীচুকাই,9,বগুড়া,গাবতলী,77,বগুড়া,গাবতলী,-,-,-
10,40,মিরপুর,2,বগুড়া,গাবতলী,78,বগুড়া,গাবতলী,-,-,-
10,40,শৌলাকান্দি,1,বগুড়া,গাবতলী,79,বগুড়া,গাবতলী,-,-,-
10,40,সাহাপুর,4,বগুড়া,গাবতলী,80,বগুড়া,গাবতলী,-,-,-
10,40,বেরেরঘোন,5,বগুড়া,গাবতলী,81,বগুড়া,গাবতলী,-,-,-
10,40,দেওনাই,3,বগুড়া,গাবতলী,82,বগুড়া,গাবতলী,-,-,-
10,40,সুলতানপুর,7,বগুড়া,গাবতলী,83,বগুড়া,গাবতলী,-,-,-
10,40,কৈঢোপ,8,বগুড়া,গাবতলী,84,বগুড়া,গাবতলী,-,-,-
10,40,কাগইল,6,বগুড়া,গাবতলী,85,বগুড়া,গাবতলী,-,-,-
10,40,উজগ্রাম,17,বগুড়া,গাবতলী,86,বগুড়া,গাবতলী,-,-,-
10,40,আহাম্মদপুর,20,বগুড়া,গাবতলী,87,বগুড়া,গাবতলী,-,-,-
10,40,মাঝিকোলা,21,বগুড়া,গাবতলী,88,বগুড়া,গাবতলী,-,-,-
10,40,আটবাড়ীয়া,22,বগুড়া,গাবতলী,89,বগুড়া,গাবতলী,-,-,-
10,40,মমিনখাদা,23,বগুড়া,গাবতলী,90,বগুড়া,গাবতলী,-,-,-
10,40,আগরকান্দি,24,বগুড়া,গাবতলী,91,বগুড়া,গাবতলী,-,-,-
10,40,বামনিয়া,25,বগুড়া,গাবতলী,92,বগুড়া,গাবতলী,-,-,-
10,40,সাবেকপাড়া,26,বগুড়া,গাবতলী,93,বগুড়া,গাবতলী,-,-,-
10,40,কামারচট্ট,27,বগুড়া,গাবতলী,94,বগুড়া,গাবতলী,-,-,-
10,40,সতীহারা,28,বগুড়া,গাবতলী,95,বগুড়া,গাবতলী,-,-,-
10,40,রামেশ্বরপুর,29,বগুড়া,গাবতলী,96,বগুড়া,গাবতলী,-,-,-
10,40,জাগুলী,31,বগুড়া,গাবতলী,97,বগুড়া,গাবতলী,-,-,-
10,40,সোনারায় মুচিখালী,32,বগুড়া,গাবতলী,98,বগুড়া,গাবতলী,-,-,-
10,40,সোনারায় ,35,বগুড়া,গাবতলী,99,বগুড়া,গাবতলী,-,-,-
10,40,টিওরপাড়া,36,বগুড়া,গাবতলী,100,বগুড়া,গাবতলী,-,-,-
10,40,গজারিয়া,37,বগুড়া,গাবতলী,101,বগুড়া,গাবতলী,-,-,-
10,40,হোসেনপুর,30,বগুড়া,গাবতলী,102,বগুড়া,গাবতলী,-,-,-
10,40,সাগাটিয়া,57,বগুড়া,গাবতলী,103,বগুড়া,গাবতলী,-,-,-
10,40,হাপানীয়া,63,বগুড়া,গাবতলী,104,বগুড়া,গাবতলী,-,-,-
10,40,চকমাল্লা,58,বগুড়া,গাবতলী,105,বগুড়া,গাবতলী,-,-,-
10,40,পচাকাথুলী,59,বগুড়া,গাবতলী,106,বগুড়া,গাবতলী,-,-,-
10,40,মধ্যকাথুলী,60,বগুড়া,গাবতলী,107,বগুড়া,গাবতলী,-,-,-
10,40,চক কাথুলী,61,বগুড়া,গাবতলী,108,বগুড়া,গাবতলী,-,-,-
10,40,সোন্দাবাড়ী,75,বগুড়া,গাবতলী,109,বগুড়া,গাবতলী,-,-,-
10,40,চক বোচাই,76,বগুড়া,গাবতলী,110,বগুড়া,গাবতলী,-,-,-
10,40,পদ্মপাড়া,77,বগুড়া,গাবতলী,111,বগুড়া,গাবতলী,-,-,-
10,40,বৈখান,78,বগুড়া,গাবতলী,112,বগুড়া,গাবতলী,-,-,-
10,40,সরতাজ,79,বগুড়া,গাবতলী,113,বগুড়া,গাবতলী,-,-,-
10,40,মেরু,73,বগুড়া,গাবতলী,114,বগুড়া,গাবতলী,-,-,-
10,40,গোরদহ,74,বগুড়া,গাবতলী,115,বগুড়া,গাবতলী,-,-,-
10,40,হামিদপুর,62,বগুড়া,গাবতলী,116,বগুড়া,গাবতলী,-,-,-
10,40,চাকলা,64,বগুড়া,গাবতলী,117,বগুড়া,গাবতলী,-,-,-
10,40,মেন্দীপুর,55,বগুড়া,গাবতলী,118,বগুড়া,গাবতলী,-,-,-
10,40,প্রথমারছেও,56,বগুড়া,গাবতলী,119,বগুড়া,গাবতলী,-,-,-
10,40,ডোনর,51,বগুড়া,গাবতলী,120,বগুড়া,গাবতলী,-,-,-
10,40,মাসুন্দী,38,বগুড়া,গাবতলী,121,বগুড়া,গাবতলী,-,-,-
10,40,কিশমত শিহিপুর,39,বগুড়া,গাবতলী,122,বগুড়া,গাবতলী,-,-,-
10,40,সুখানপুকুর,40,বগুড়া,গাবতলী,123,বগুড়া,গাবতলী,-,-,-
10,40,চক রাধিকা,41,বগুড়া,গাবতলী,124,বগুড়া,গাবতলী,-,-,-
10,40,পশ্চিম করঞ্জা,66,বগুড়া,গাবতলী,125,বগুড়া,গাবতলী,-,-,-
10,40,গনশার পাড়া,65,বগুড়া,গাবতলী,126,বগুড়া,গাবতলী,-,-,-
10,40,পুর্ব করঞ্জা,67,বগুড়া,গাবতলী,127,বগুড়া,গাবতলী,-,-,-
10,40,জাত হলিদা,45,বগুড়া,গাবতলী,128,বগুড়া,গাবতলী,-,-,-
10,40,নিজ কাকড়া,44,বগুড়া,গাবতলী,129,বগুড়া,গাবতলী,-,-,-
10,40,কিশমত কাকড়া,42,বগুড়া,গাবতলী,130,বগুড়া,গাবতলী,-,-,-
10,40,পার কাকড়া,43,বগুড়া,গাবতলী,131,বগুড়া,গাবতলী,-,-,-
10,40,নজরেরপাড়া,50,বগুড়া,গাবতলী,132,বগুড়া,গাবতলী,-,-,-
10,40,মমিনহাটা,49,বগুড়া,গাবতলী,133,বগুড়া,গাবতলী,-,-,-
10,40,কদমতলী,47,বগুড়া,গাবতলী,134,বগুড়া,গাবতলী,-,-,-
10,40,বুরুজ,45,বগুড়া,গাবতলী,135,বগুড়া,গাবতলী,-,-,-
10,40,ধনঞ্জয়,69,বগুড়া,গাবতলী,136,বগুড়া,গাবতলী,-,-,-
10,40,আকন্দপাড়া,68,বগুড়া,গাবতলী,137,বগুড়া,গাবতলী,-,-,-
10,40,রহিমারপাড়া,48,বগুড়া,গাবতলী,138,বগুড়া,গাবতলী,-,-,-
10,40,চক ডোওর,52,বগুড়া,গাবতলী,139,বগুড়া,গাবতলী,-,-,-
10,40,বাহাদুরপুর,53,বগুড়া,গাবতলী,140,বগুড়া,গাবতলী,-,-,-
10,40,নারুয়ামালা,54,বগুড়া,গাবতলী,141,বগুড়া,গাবতলী,-,-,-
10,40,জয়ভোগা,66,বগুড়া,গাবতলী,142,বগুড়া,গাবতলী,-,-,-
10,40,গাবতলী,65,বগুড়া,গাবতলী,143,বগুড়া,গাবতলী,-,-,-
10,40,উনচুরকী,72,বগুড়া,গাবতলী,144,বগুড়া,গাবতলী,-,-,-
10,40,বেগুনী,71,বগুড়া,গাবতলী,145,বগুড়া,গাবতলী,-,-,-
10,40,বাওইটোনা,67,বগুড়া,গাবতলী,146,বগুড়া,গাবতলী,-,-,-
10,40,নেপালতলী,70,বগুড়া,গাবতলী,147,বগুড়া,গাবতলী,-,-,-
10,40,হাতীবান্ধা,90,বগুড়া,গাবতলী,148,বগুড়া,গাবতলী,-,-,-
10,40,চকবেরা,89,বগুড়া,গাবতলী,149,বগুড়া,গাবতলী,-,-,-
10,40,রানীরপাড়া,88,বগুড়া,গাবতলী,150,বগুড়া,গাবতলী,-,-,-
10,40,পানীরপাড়া,93,বগুড়া,গাবতলী,151,বগুড়া,গাবতলী,-,-,-
10,40,ভান্ডারা,92,বগুড়া,গাবতলী,152,বগুড়া,গাবতলী,-,-,-
10,40,দুর্গাহাটা,91,বগুড়া,গাবতলী,153,বগুড়া,গাবতলী,-,-,-
10,40,সিলদাবাড়ী,94,বগুড়া,গাবতলী,154,বগুড়া,গাবতলী,-,-,-
10,40,বালিয়াদীঘি,95,বগুড়া,গাবতলী,155,বগুড়া,গাবতলী,-,-,-
10,40,মহিষাবান,96,বগুড়া,গাবতলী,156,বগুড়া,গাবতলী,-,-,-
10,40,মরিয়া,87,বগুড়া,গাবতলী,157,বগুড়া,গাবতলী,-,-,-
10,40,ক্ষিদ্রপেড়ী,80,বগুড়া,গাবতলী,158,বগুড়া,গাবতলী,-,-,-
10,40,দাড়াইল,81,বগুড়া,গাবতলী,159,বগুড়া,গাবতলী,-,-,-
10,40,চকসদু,82,বগুড়া,গাবতলী,160,বগুড়া,গাবতলী,-,-,-
10,40,সারাটিয়া,84,বগুড়া,গাবতলী,161,বগুড়া,গাবতলী,-,-,-
10,40,চক সেকেন্দা,83,বগুড়া,গাবতলী,162,বগুড়া,গাবতলী,-,-,-
10,40,গুরতুপ,85,বগুড়া,গাবতলী,163,বগুড়া,গাবতলী,-,-,-
10,40,নিশিন্দারা,86,বগুড়া,গাবতলী,164,বগুড়া,গাবতলী,-,-,-
10,40,ধোরা,97,বগুড়া,গাবতলী,165,বগুড়া,গাবতলী,-,-,-
10,40,কনীপাড়া,98,বগুড়া,গাবতলী,166,বগুড়া,গাবতলী,-,-,-
10,40,পেরী,99,বগুড়া,গাবতলী,167,বগুড়া,গাবতলী,-,-,-
10,40,ধর্ম্মগাছা,100,বগুড়া,গাবতলী,168,বগুড়া,গাবতলী,-,-,-
10,40,সোনাকানিয়া,101,বগুড়া,গাবতলী,169,বগুড়া,গাবতলী,-,-,-
10,40,খোর্দ্দা সোনাকানিয়া,102,বগুড়া,গাবতলী,170,বগুড়া,গাবতলী,-,-,-
10,40,নসিপুর,103,বগুড়া,গাবতলী,171,বগুড়া,গাবতলী,-,-,-
10,40,ইটালী,104,বগুড়া,গাবতলী,172,বগুড়া,গাবতলী,-,-,-
10,40,কালাইহাটা,105,বগুড়া,গাবতলী,173,বগুড়া,গাবতলী,-,-,-
10,67,বাগাদহ,1,বগুড়া,নন্দিগ্রাম,1,বগুড়া,নন্দিগ্রাম,-,-,-
10,67,পার্শান,2,বগুড়া,নন্দিগ্রাম,2,বগুড়া,নন্দিগ্রাম,-,-,-
10,67,জামালপুর,3,বগুড়া,নন্দিগ্রাম,3,বগুড়া,নন্দিগ্রাম,-,-,-
10,67,বনগ্রাম,4,বগুড়া,নন্দিগ্রাম,4,বগুড়া,নন্দিগ্রাম,-,-,-
10,67,আটান,5,বগুড়া,নন্দিগ্রাম,5,বগুড়া,নন্দিগ্রাম,-,-,-
10,67,আন্ধাশুরা,6,বগুড়া,নন্দিগ্রাম,6,বগুড়া,নন্দিগ্রাম,-,-,-
10,67,বিষেরপাড়া,7,বগুড়া,নন্দিগ্রাম,7,বগুড়া,নন্দিগ্রাম,-,-,-
10,67,আচুয়াপাড়া,8,বগুড়া,নন্দিগ্রাম,8,বগুড়া,নন্দিগ্রাম,-,-,-
10,67,সারাদিগর,9,বগুড়া,নন্দিগ্রাম,9,বগুড়া,নন্দিগ্রাম,-,-,-
10,67,চন্দনগাড়ী,10,বগুড়া,নন্দিগ্রাম,10,বগুড়া,নন্দিগ্রাম,-,-,-
10,67,নিমাইদীঘি,11,বগুড়া,নন্দিগ্রাম,11,বগুড়া,নন্দিগ্রাম,-,-,-
10,67,পাঠান,12,বগুড়া,নন্দিগ্রাম,12,বগুড়া,নন্দিগ্রাম,-,-,-
10,67,পাঠান মির্জ্জাপুর,13,বগুড়া,নন্দিগ্রাম,13,বগুড়া,নন্দিগ্রাম,-,-,-
10,67,বাটদীঘি,14,বগুড়া,নন্দিগ্রাম,14,বগুড়া,নন্দিগ্রাম,-,-,-
10,67,গড়িয়া,15,বগুড়া,নন্দিগ্রাম,15,বগুড়া,নন্দিগ্রাম,-,-,-
10,67,আগাপুর,16,বগুড়া,নন্দিগ্রাম,16,বগুড়া,নন্দিগ্রাম,-,-,-
10,67,চক মাঝগ্রাম,17,বগুড়া,নন্দিগ্রাম,17,বগুড়া,নন্দিগ্রাম,-,-,-
10,67,শিববাটী,18,বগুড়া,নন্দিগ্রাম,18,বগুড়া,নন্দিগ্রাম,-,-,-
10,67,তেঘরি মুলা,19,বগুড়া,নন্দিগ্রাম,19,বগুড়া,নন্দিগ্রাম,-,-,-
10,67,বরিহট্ট,20,বগুড়া,নন্দিগ্রাম,20,বগুড়া,নন্দিগ্রাম,-,-,-
10,67,পাচুঘরি,21,বগুড়া,নন্দিগ্রাম,21,বগুড়া,নন্দিগ্রাম,-,-,-
10,67,বরীন্দ্র বড়গাছা,22,বগুড়া,নন্দিগ্রাম,22,বগুড়া,নন্দিগ্রাম,-,-,-
10,67,নন্দনবাড়ী,23,বগুড়া,নন্দিগ্রাম,23,বগুড়া,নন্দিগ্রাম,-,-,-
10,67,নুস্কুর,24,বগুড়া,নন্দিগ্রাম,24,বগুড়া,নন্দিগ্রাম,-,-,-
10,67,ভুস্কুর,25,বগুড়া,নন্দিগ্রাম,25,বগুড়া,নন্দিগ্রাম,-,-,-
10,67,পালি,26,বগুড়া,নন্দিগ্রাম,26,বগুড়া,নন্দিগ্রাম,-,-,-
10,67,মুচুঘরি,27,বগুড়া,নন্দিগ্রাম,27,বগুড়া,নন্দিগ্রাম,-,-,-
10,67,থালতা,28,বগুড়া,নন্দিগ্রাম,28,বগুড়া,নন্দিগ্রাম,-,-,-
10,67,থালতা মাঝগ্রাম,29,বগুড়া,নন্দিগ্রাম,29,বগুড়া,নন্দিগ্রাম,-,-,-
10,67,ভাদরা,30,বগুড়া,নন্দিগ্রাম,30,বগুড়া,নন্দিগ্রাম,-,-,-
10,67,নিশিন্দারা,31,বগুড়া,নন্দিগ্রাম,31,বগুড়া,নন্দিগ্রাম,-,-,-
10,67,বড় চাঙ্ইর,32,বগুড়া,নন্দিগ্রাম,32,বগুড়া,নন্দিগ্রাম,-,-,-
10,67,মাইকুড়ী,33,বগুড়া,নন্দিগ্রাম,33,বগুড়া,নন্দিগ্রাম,-,-,-
10,67,ধোয়াস,34,বগুড়া,নন্দিগ্রাম,34,বগুড়া,নন্দিগ্রাম,-,-,-
10,67,তালগাছি,35,বগুড়া,নন্দিগ্রাম,35,বগুড়া,নন্দিগ্রাম,-,-,-
10,67,বেতকুড়ি,36,বগুড়া,নন্দিগ্রাম,36,বগুড়া,নন্দিগ্রাম,-,-,-
10,67,কাল সিঙ্গা,37,বগুড়া,নন্দিগ্রাম,37,বগুড়া,নন্দিগ্রাম,-,-,-
10,67,নারায়নপুর,38,বগুড়া,নন্দিগ্রাম,38,বগুড়া,নন্দিগ্রাম,-,-,-
10,67,দারিয়াপুর,39,বগুড়া,নন্দিগ্রাম,39,বগুড়া,নন্দিগ্রাম,-,-,-
10,67,হলদিহারী,40,বগুড়া,নন্দিগ্রাম,40,বগুড়া,নন্দিগ্রাম,-,-,-
10,67,রায়পুর,41,বগুড়া,নন্দিগ্রাম,41,বগুড়া,নন্দিগ্রাম,-,-,-
10,67,আটীহারী,42,বগুড়া,নন্দিগ্রাম,42,বগুড়া,নন্দিগ্রাম,-,-,-
10,67,বাশবাড়িয়া,43,বগুড়া,নন্দিগ্রাম,43,বগুড়া,নন্দিগ্রাম,-,-,-
10,67,দামরুল,44,বগুড়া,নন্দিগ্রাম,44,বগুড়া,নন্দিগ্রাম,-,-,-
10,67,দানিয়াগাড়ী,45,বগুড়া,নন্দিগ্রাম,45,বগুড়া,নন্দিগ্রাম,-,-,-
10,67,চক বিজরুল,46,বগুড়া,নন্দিগ্রাম,46,বগুড়া,নন্দিগ্রাম,-,-,-
10,67,বিজরুল,47,বগুড়া,নন্দিগ্রাম,47,বগুড়া,নন্দিগ্রাম,-,-,-
10,67,গছাইল,48,বগুড়া,নন্দিগ্রাম,48,বগুড়া,নন্দিগ্রাম,-,-,-
10,67,কালাই চাপর,49,বগুড়া,নন্দিগ্রাম,49,বগুড়া,নন্দিগ্রাম,-,-,-
10,67,কুচমা,50,বগুড়া,নন্দিগ্রাম,50,বগুড়া,নন্দিগ্রাম,-,-,-
10,67,আরাজি বিজরুল,51,বগুড়া,নন্দিগ্রাম,51,বগুড়া,নন্দিগ্রাম,-,-,-
10,67,চামটা,52,বগুড়া,নন্দিগ্রাম,52,বগুড়া,নন্দিগ্রাম,-,-,-
10,67,বরীন্দ্র পাকুড়িয়াপাড়া,53,বগুড়া,নন্দিগ্রাম,53,বগুড়া,নন্দিগ্রাম,-,-,-
10,67,বর্ষন,54,বগুড়া,নন্দিগ্রাম,54,বগুড়া,নন্দিগ্রাম,-,-,-
10,67,কৃষ্ণপুর,55,বগুড়া,নন্দিগ্রাম,55,বগুড়া,নন্দিগ্রাম,-,-,-
10,67,হাট কড়ই,56,বগুড়া,নন্দিগ্রাম,56,বগুড়া,নন্দিগ্রাম,-,-,-
10,67,পোতাপাড়া,57,বগুড়া,নন্দিগ্রাম,57,বগুড়া,নন্দিগ্রাম,-,-,-
10,67,চক কড়ই,58,বগুড়া,নন্দিগ্রাম,58,বগুড়া,নন্দিগ্রাম,-,-,-
10,67,কয়ারপাড়া,59,বগুড়া,নন্দিগ্রাম,59,বগুড়া,নন্দিগ্রাম,-,-,-
10,67,আমরা কিশমত,60,বগুড়া,নন্দিগ্রাম,60,বগুড়া,নন্দিগ্রাম,-,-,-
10,67,জগদীশপুর,61,বগুড়া,নন্দিগ্রাম,61,বগুড়া,নন্দিগ্রাম,-,-,-
10,67,গোহাল,62,বগুড়া,নন্দিগ্রাম,62,বগুড়া,নন্দিগ্রাম,-,-,-
10,67,বানিয়াকোলা,63,বগুড়া,নন্দিগ্রাম,63,বগুড়া,নন্দিগ্রাম,-,-,-
10,67,বাশো,64,বগুড়া,নন্দিগ্রাম,64,বগুড়া,নন্দিগ্রাম,-,-,-
10,67,ভেবরকুড়ী,65,বগুড়া,নন্দিগ্রাম,65,বগুড়া,নন্দিগ্রাম,-,-,-
10,67,ছোট চাঙ্গুইর,66,বগুড়া,নন্দিগ্রাম,66,বগুড়া,নন্দিগ্রাম,-,-,-
10,67,জোকা,67,বগুড়া,নন্দিগ্রাম,67,বগুড়া,নন্দিগ্রাম,-,-,-
10,67,কোচকুড়ী,68,বগুড়া,নন্দিগ্রাম,68,বগুড়া,নন্দিগ্রাম,-,-,-
10,67,হরিহারা,69,বগুড়া,নন্দিগ্রাম,69,বগুড়া,নন্দিগ্রাম,-,-,-
10,67,চান্দপুর,70,বগুড়া,নন্দিগ্রাম,70,বগুড়া,নন্দিগ্রাম,-,-,-
10,67,চক কয়া,71,বগুড়া,নন্দিগ্রাম,71,বগুড়া,নন্দিগ্রাম,-,-,-
10,67,তৈয়বপুর,72,বগুড়া,নন্দিগ্রাম,72,বগুড়া,নন্দিগ্রাম,-,-,-
10,67,চৌগাও মধুকরি,73,বগুড়া,নন্দিগ্রাম,73,বগুড়া,নন্দিগ্রাম,-,-,-
10,67,গোপালপুর,74,বগুড়া,নন্দিগ্রাম,74,বগুড়া,নন্দিগ্রাম,-,-,-
10,67,গুলিয়া কৃষ্ণপুর,75,বগুড়া,নন্দিগ্রাম,75,বগুড়া,নন্দিগ্রাম,-,-,-
10,67,বিষ্ণপুর,76,বগুড়া,নন্দিগ্রাম,76,বগুড়া,নন্দিগ্রাম,-,-,-
10,67,নাগরকান্দি,77,বগুড়া,নন্দিগ্রাম,77,বগুড়া,নন্দিগ্রাম,-,-,-
10,67,মুলকুড়ী,78,বগুড়া,নন্দিগ্রাম,78,বগুড়া,নন্দিগ্রাম,-,-,-
10,67,উমাপতিদীঘি,79,বগুড়া,নন্দিগ্রাম,79,বগুড়া,নন্দিগ্রাম,-,-,-
10,67,রোস্তমপুর,80,বগুড়া,নন্দিগ্রাম,80,বগুড়া,নন্দিগ্রাম,-,-,-
10,67,কোশাস,81,বগুড়া,নন্দিগ্রাম,81,বগুড়া,নন্দিগ্রাম,-,-,-
10,67,মাটিহাস,82,বগুড়া,নন্দিগ্রাম,82,বগুড়া,নন্দিগ্রাম,-,-,-
10,67,মালঞ্চী,83,বগুড়া,নন্দিগ্রাম,83,বগুড়া,নন্দিগ্রাম,-,-,-
10,67,মহকুড়ী,84,বগুড়া,নন্দিগ্রাম,84,বগুড়া,নন্দিগ্রাম,-,-,-
10,67,ঠাকুরাই,85,বগুড়া,নন্দিগ্রাম,85,বগুড়া,নন্দিগ্রাম,-,-,-
10,67,দেওতা,86,বগুড়া,নন্দিগ্রাম,86,বগুড়া,নন্দিগ্রাম,-,-,-
10,67,পুনাইল,87,বগুড়া,নন্দিগ্রাম,87,বগুড়া,নন্দিগ্রাম,-,-,-
10,67,কালীশ,88,বগুড়া,নন্দিগ্রাম,88,বগুড়া,নন্দিগ্রাম,-,-,-
10,67,চেচুয়াপাড়া,89,বগুড়া,নন্দিগ্রাম,89,বগুড়া,নন্দিগ্রাম,-,-,-
10,67,কল্যাণ নগর,90,বগুড়া,নন্দিগ্রাম,90,বগুড়া,নন্দিগ্রাম,-,-,-
10,67,মালঞ্চা,91,বগুড়া,নন্দিগ্রাম,91,বগুড়া,নন্দিগ্রাম,-,-,-
10,67,হাট ধুমা,92,বগুড়া,নন্দিগ্রাম,92,বগুড়া,নন্দিগ্রাম,-,-,-
10,67,গ্রামধুমা,93,বগুড়া,নন্দিগ্রাম,93,বগুড়া,নন্দিগ্রাম,-,-,-
10,67,চক নামুট,94,বগুড়া,নন্দিগ্রাম,94,বগুড়া,নন্দিগ্রাম,-,-,-
10,67,ফেসকা,95,বগুড়া,নন্দিগ্রাম,95,বগুড়া,নন্দিগ্রাম,-,-,-
10,67,বৃকঞ্চি,96,বগুড়া,নন্দিগ্রাম,96,বগুড়া,নন্দিগ্রাম,-,-,-
10,67,বারুইপাড়া,97,বগুড়া,নন্দিগ্রাম,97,বগুড়া,নন্দিগ্রাম,-,-,-
10,67,সেরণকুড়ী,98,বগুড়া,নন্দিগ্রাম,98,বগুড়া,নন্দিগ্রাম,-,-,-
10,67,মুরারীদীঘি,99,বগুড়া,নন্দিগ্রাম,99,বগুড়া,নন্দিগ্রাম,-,-,-
10,67,ডোহাবারী,100,বগুড়া,নন্দিগ্রাম,100,বগুড়া,নন্দিগ্রাম,-,-,-
10,67,দমদমা,101,বগুড়া,নন্দিগ্রাম,101,বগুড়া,নন্দিগ্রাম,-,-,-
10,67,কবিপাড়া,104,বগুড়া,নন্দিগ্রাম,104,বগুড়া,নন্দিগ্রাম,-,-,-
10,67,মাধবকুড়ি,105,বগুড়া,নন্দিগ্রাম,105,বগুড়া,নন্দিগ্রাম,-,-,-
10,67,আচলতা,106,বগুড়া,নন্দিগ্রাম,106,বগুড়া,নন্দিগ্রাম,-,-,-
10,67,পাইকরকুড়ি,107,বগুড়া,নন্দিগ্রাম,107,বগুড়া,নন্দিগ্রাম,-,-,-
10,67,কুমারিয়া,108,বগুড়া,নন্দিগ্রাম,108,বগুড়া,নন্দিগ্রাম,-,-,-
10,67,সালুখা,109,বগুড়া,নন্দিগ্রাম,109,বগুড়া,নন্দিগ্রাম,-,-,-
10,67,ঝিনা,110,বগুড়া,নন্দিগ্রাম,110,বগুড়া,নন্দিগ্রাম,-,-,-
10,67,দোপুকুরিয়া,111,বগুড়া,নন্দিগ্রাম,111,বগুড়া,নন্দিগ্রাম,-,-,-
10,67,দামগাড়া,112,বগুড়া,নন্দিগ্রাম,112,বগুড়া,নন্দিগ্রাম,-,-,-
10,67,রামকৃষ্ণপুর,113,বগুড়া,নন্দিগ্রাম,113,বগুড়া,নন্দিগ্রাম,-,-,-
10,67,চেৌদিঘী,114,বগুড়া,নন্দিগ্রাম,114,বগুড়া,নন্দিগ্রাম,-,-,-
10,67,মারিয়া,115,বগুড়া,নন্দিগ্রাম,115,বগুড়া,নন্দিগ্রাম,-,-,-
10,67,দুর্জ্জয়পুর,116,বগুড়া,নন্দিগ্রাম,116,বগুড়া,নন্দিগ্রাম,-,-,-
10,67,মনিনাগ,117,বগুড়া,নন্দিগ্রাম,117,বগুড়া,নন্দিগ্রাম,-,-,-
10,67,রুপীহার,118,বগুড়া,নন্দিগ্রাম,118,বগুড়া,নন্দিগ্রাম,-,-,-
10,67,তেতুলিয়া ভড়,132,বগুড়া,নন্দিগ্রাম,132,বগুড়া,নন্দিগ্রাম,-,-,-
10,67,আধখোলা,133,বগুড়া,নন্দিগ্রাম,133,বগুড়া,নন্দিগ্রাম,-,-,-
10,67,ক্ষিদ্রদামগড়া,134,বগুড়া,নন্দিগ্রাম,134,বগুড়া,নন্দিগ্রাম,-,-,-
10,67,বেলঘরিয়া,135,বগুড়া,নন্দিগ্রাম,135,বগুড়া,নন্দিগ্রাম,-,-,-
10,67,নৈপাড়া,136,বগুড়া,নন্দিগ্রাম,136,বগুড়া,নন্দিগ্রাম,-,-,-
10,67,কালিপাড়া,137,বগুড়া,নন্দিগ্রাম,137,বগুড়া,নন্দিগ্রাম,-,-,-
10,67,চালা,138,বগুড়া,নন্দিগ্রাম,138,বগুড়া,নন্দিগ্রাম,-,-,-
10,67,বামনগাও,139,বগুড়া,নন্দিগ্রাম,139,বগুড়া,নন্দিগ্রাম,-,-,-
10,67,ভাগবজর,140,বগুড়া,নন্দিগ্রাম,140,বগুড়া,নন্দিগ্রাম,-,-,-
10,67,বিলসা,141,বগুড়া,নন্দিগ্রাম,141,বগুড়া,নন্দিগ্রাম,-,-,-
10,67,ঢাকারপাড়া,144,বগুড়া,নন্দিগ্রাম,144,বগুড়া,নন্দিগ্রাম,-,-,-
10,67,মির্জাপুর,145,বগুড়া,নন্দিগ্রাম,145,বগুড়া,নন্দিগ্রাম,-,-,-
10,67,কামালকুড়ি,146,বগুড়া,নন্দিগ্রাম,146,বগুড়া,নন্দিগ্রাম,-,-,-
10,67,তারাটিয়া,147,বগুড়া,নন্দিগ্রাম,147,বগুড়া,নন্দিগ্রাম,-,-,-
10,67,ভায়রা,148,বগুড়া,নন্দিগ্রাম,148,বগুড়া,নন্দিগ্রাম,-,-,-
10,67,রঞ্জাতেঘর,149,বগুড়া,নন্দিগ্রাম,149,বগুড়া,নন্দিগ্রাম,-,-,-
10,67,নাগরা,150,বগুড়া,নন্দিগ্রাম,150,বগুড়া,নন্দিগ্রাম,-,-,-
10,67,খরনা,151,বগুড়া,নন্দিগ্রাম,151,বগুড়া,নন্দিগ্রাম,-,-,-
10,67,কুলদীঘি,152,বগুড়া,নন্দিগ্রাম,152,বগুড়া,নন্দিগ্রাম,-,-,-
10,67,পাচগাও,153,বগুড়া,নন্দিগ্রাম,153,বগুড়া,নন্দিগ্রাম,-,-,-
10,67,পাটগারী,154,বগুড়া,নন্দিগ্রাম,154,বগুড়া,নন্দিগ্রাম,-,-,-
10,67,আমগাছি,155,বগুড়া,নন্দিগ্রাম,155,বগুড়া,নন্দিগ্রাম,-,-,-
10,67,ঝালঘরিয়া,156,বগুড়া,নন্দিগ্রাম,156,বগুড়া,নন্দিগ্রাম,-,-,-
10,67,ভর পাকুরিয়াপাড়া,157,বগুড়া,নন্দিগ্রাম,157,বগুড়া,নন্দিগ্রাম,-,-,-
10,67,ডুবা তেঘরি,158,বগুড়া,নন্দিগ্রাম,158,বগুড়া,নন্দিগ্রাম,-,-,-
10,67,দীঘিরপাড়,159,বগুড়া,নন্দিগ্রাম,159,বগুড়া,নন্দিগ্রাম,-,-,-
10,67,বাদলাসন,160,বগুড়া,নন্দিগ্রাম,160,বগুড়া,নন্দিগ্রাম,-,-,-
10,67,ঢাকর,161,বগুড়া,নন্দিগ্রাম,161,বগুড়া,নন্দিগ্রাম,-,-,-
10,67,নিমগাও,162,বগুড়া,নন্দিগ্রাম,162,বগুড়া,নন্দিগ্রাম,-,-,-
10,67,বিষা,163,বগুড়া,নন্দিগ্রাম,163,বগুড়া,নন্দিগ্রাম,-,-,-
10,67,সিংজানী,164,বগুড়া,নন্দিগ্রাম,164,বগুড়া,নন্দিগ্রাম,-,-,-
10,67,নুনদহ,165,বগুড়া,নন্দিগ্রাম,165,বগুড়া,নন্দিগ্রাম,-,-,-
10,67,খেংসর,166,বগুড়া,নন্দিগ্রাম,166,বগুড়া,নন্দিগ্রাম,-,-,-
10,67,ডোলাসিংড়া,167,বগুড়া,নন্দিগ্রাম,167,বগুড়া,নন্দিগ্রাম,-,-,-
10,67,চকরামপুর,168,বগুড়া,নন্দিগ্রাম,168,বগুড়া,নন্দিগ্রাম,-,-,-
10,67,মুরাদপুর,169,বগুড়া,নন্দিগ্রাম,169,বগুড়া,নন্দিগ্রাম,-,-,-
10,67,পোওতা,170,বগুড়া,নন্দিগ্রাম,170,বগুড়া,নন্দিগ্রাম,-,-,-
10,67,চকরাম আধখোলা,171,বগুড়া,নন্দিগ্রাম,171,বগুড়া,নন্দিগ্রাম,-,-,-
10,67,কামলা,172,বগুড়া,নন্দিগ্রাম,172,বগুড়া,নন্দিগ্রাম,-,-,-
10,67,আইলপোনা,173,বগুড়া,নন্দিগ্রাম,173,বগুড়া,নন্দিগ্রাম,-,-,-
10,67,ভাটগ্রাম,174,বগুড়া,নন্দিগ্রাম,174,বগুড়া,নন্দিগ্রাম,-,-,-
10,67,নিজামতকুড়ি,175,বগুড়া,নন্দিগ্রাম,175,বগুড়া,নন্দিগ্রাম,-,-,-
10,67,খড়িয়া পুকুর,176,বগুড়া,নন্দিগ্রাম,176,বগুড়া,নন্দিগ্রাম,-,-,-
10,67,কাথম,177,বগুড়া,নন্দিগ্রাম,177,বগুড়া,নন্দিগ্রাম,-,-,-
10,67,চাকলমা,178,বগুড়া,নন্দিগ্রাম,178,বগুড়া,নন্দিগ্রাম,-,-,-
10,67,নামুট,179,বগুড়া,নন্দিগ্রাম,179,বগুড়া,নন্দিগ্রাম,-,-,-
10,67,বেলঘরিয়া,180,বগুড়া,নন্দিগ্রাম,180,বগুড়া,নন্দিগ্রাম,-,-,-
10,67,বৈলগ্রাম আরাজি,181,বগুড়া,নন্দিগ্রাম,181,বগুড়া,নন্দিগ্রাম,-,-,-
10,67,দলগাছা,182,বগুড়া,নন্দিগ্রাম,182,বগুড়া,নন্দিগ্রাম,-,-,-
10,67,উত্তর কচুগাড়ী,182,বগুড়া,নন্দিগ্রাম,183,বগুড়া,নন্দিগ্রাম,-,-,-
10,67,খোদ্দ সিমলা,184,বগুড়া,নন্দিগ্রাম,184,বগুড়া,নন্দিগ্রাম,-,-,-
10,র্,ভাগসিমলা,185,বগুড়া,নন্দিগ্রাম,185,বগুড়া,নন্দিগ্রাম,-,-,-
10,67,ভবানীপুর,186,বগুড়া,নন্দিগ্রাম,186,বগুড়া,নন্দিগ্রাম,-,-,-
10,67,মাঝগ্রামভর,191,বগুড়া,নন্দিগ্রাম,191,বগুড়া,নন্দিগ্রাম,-,-,-
10,67,গোছন,197,বগুড়া,নন্দিগ্রাম,197,বগুড়া,নন্দিগ্রাম,-,-,-
10,67,তিসিপাড়া,198,বগুড়া,নন্দিগ্রাম,198,বগুড়া,নন্দিগ্রাম,-,-,-
10,67,ছোট ডেরাহার,200,বগুড়া,নন্দিগ্রাম,200,বগুড়া,নন্দিগ্রাম,-,-,-
10,67,ডেরাহার,201,বগুড়া,নন্দিগ্রাম,201,বগুড়া,নন্দিগ্রাম,-,-,-
10,67,বাজেয়াপ্তী বৈলগ্রাম,202,বগুড়া,নন্দিগ্রাম,202,বগুড়া,নন্দিগ্রাম,-,-,-
10,67,বৈলগ্রাম ,203,বগুড়া,নন্দিগ্রাম,203,বগুড়া,নন্দিগ্রাম,-,-,-
10,67,নন্দিগ্রাম:,204,বগুড়া,নন্দিগ্রাম,204,বগুড়া,নন্দিগ্রাম,-,-,-
10,67,ভাতুড়িয়াপাড়া,205,বগুড়া,নন্দিগ্রাম,205,বগুড়া,নন্দিগ্রাম,-,-,-
10,67,মাঝগ্রাম বরিন্দ্র,206,বগুড়া,নন্দিগ্রাম,206,বগুড়া,নন্দিগ্রাম,-,-,-
10,67,দামগড়া দৌলত,207,বগুড়া,নন্দিগ্রাম,207,বগুড়া,নন্দিগ্রাম,-,-,-
10,67,রিধাইল,208,বগুড়া,নন্দিগ্রাম,208,বগুড়া,নন্দিগ্রাম,-,-,-
10,67,সিংড়া খালাস,209,বগুড়া,নন্দিগ্রাম,209,বগুড়া,নন্দিগ্রাম,-,-,-
10,67,চক রামডেবপুর,210,বগুড়া,নন্দিগ্রাম,210,বগুড়া,নন্দিগ্রাম,-,-,-
10,67,ডোহার,211,বগুড়া,নন্দিগ্রাম,211,বগুড়া,নন্দিগ্রাম,-,-,-
10,67,তেঘরী,212,বগুড়া,নন্দিগ্রাম,212,বগুড়া,নন্দিগ্রাম,-,-,-
10,67,কহুলী,213,বগুড়া,নন্দিগ্রাম,213,বগুড়া,নন্দিগ্রাম,-,-,-
10,67,ভদ্রদীঘি,214,বগুড়া,নন্দিগ্রাম,214,বগুড়া,নন্দিগ্রাম,-,-,-
10,67,বুড়ইল,215,বগুড়া,নন্দিগ্রাম,215,বগুড়া,নন্দিগ্রাম,-,-,-
10,67,কয়েরপাড়া,216,বগুড়া,নন্দিগ্রাম,216,বগুড়া,নন্দিগ্রাম,-,-,-
10,67,বীরপলি,217,বগুড়া,নন্দিগ্রাম,217,বগুড়া,নন্দিগ্রাম,-,-,-
10,67,চাপিলাপাড়া,218,বগুড়া,নন্দিগ্রাম,218,বগুড়া,নন্দিগ্রাম,-,-,-
10,67,সরিষাবাদ,219,বগুড়া,নন্দিগ্রাম,219,বগুড়া,নন্দিগ্রাম,-,-,-
10,67,গুনবাড়ী,220,বগুড়া,নন্দিগ্রাম,220,বগুড়া,নন্দিগ্রাম,-,-,-
10,67,তুলাসন,221,বগুড়া,নন্দিগ্রাম,221,বগুড়া,নন্দিগ্রাম,-,-,-
10,67,চকরত্নেশ্বর,222,বগুড়া,নন্দিগ্রাম,222,বগুড়া,নন্দিগ্রাম,-,-,-
10,67,হাজারকি পাড়া,223,বগুড়া,নন্দিগ্রাম,223,বগুড়া,নন্দিগ্রাম,-,-,-
10,67,পেং,233,বগুড়া,নন্দিগ্রাম,233,বগুড়া,নন্দিগ্রাম,-,-,-
10,67,ধুন্দর,234,বগুড়া,নন্দিগ্রাম,234,বগুড়া,নন্দিগ্রাম,-,-,-
10,67,চকদেওলা,235,বগুড়া,নন্দিগ্রাম,235,বগুড়া,নন্দিগ্রাম,-,-,-
10,67,বড়াইচড়া,236,বগুড়া,নন্দিগ্রাম,236,বগুড়া,নন্দিগ্রাম,-,-,-
10,67,চন্ডীপুর,237,বগুড়া,নন্দিগ্রাম,237,বগুড়া,নন্দিগ্রাম,-,-,-
10,67,পূব্ব বাশবাড়ীয়া,238,বগুড়া,নন্দিগ্রাম,238,বগুড়া,নন্দিগ্রাম,-,-,-
10,67,পুব্ব একডালা,239,বগুড়া,নন্দিগ্রাম,239,বগুড়া,নন্দিগ্রাম,-,-,-
10,67,আপুশাগাড়ী,240,বগুড়া,নন্দিগ্রাম,240,বগুড়া,নন্দিগ্রাম,-,-,-
10,67,দাসগা্ও,241,বগুড়া,নন্দিগ্রাম,241,বগুড়া,নন্দিগ্রাম,-,-,-
10,67,পারালিয়া,242,বগুড়া,নন্দিগ্রাম,242,বগুড়া,নন্দিগ্রাম,-,-,-
10,67,উত্তর সুখানগাড়ী,243,বগুড়া,নন্দিগ্রাম,243,বগুড়া,নন্দিগ্রাম,-,-,-
10,67,সিধাইল,244,বগুড়া,নন্দিগ্রাম,244,বগুড়া,নন্দিগ্রাম,-,-,-
10,67,বসন্তগাড়ী,245,বগুড়া,নন্দিগ্রাম,245,বগুড়া,নন্দিগ্রাম,-,-,-
10,67,ফোকপাল,246,বগুড়া,নন্দিগ্রাম,246,বগুড়া,নন্দিগ্রাম,-,-,-
10,67,কালিকাপুর,247,বগুড়া,নন্দিগ্রাম,247,বগুড়া,নন্দিগ্রাম,-,-,-
10,67,পুব্ব কুচাইকুড়ী,248,বগুড়া,নন্দিগ্রাম,248,বগুড়া,নন্দিগ্রাম,-,-,-
10,67,বিষ্ণুপুর,249,বগুড়া,নন্দিগ্রাম,249,বগুড়া,নন্দিগ্রাম,-,-,-
10,67,ওমরপুর,250,বগুড়া,নন্দিগ্রাম,250,বগুড়া,নন্দিগ্রাম,-,-,-
10,67,কদমা,251,বগুড়া,নন্দিগ্রাম,251,বগুড়া,নন্দিগ্রাম,-,-,-
10,67,ভাদম,252,বগুড়া,নন্দিগ্রাম,252,বগুড়া,নন্দিগ্রাম,-,-,-
10,67,ইসবপুর,253,বগুড়া,নন্দিগ্রাম,253,বগুড়া,নন্দিগ্রাম,-,-,-
10,67,হাটনার,254,বগুড়া,নন্দিগ্রাম,254,বগুড়া,নন্দিগ্রাম,-,-,-
10,67,মধুকুড়ি,255,বগুড়া,নন্দিগ্রাম,255,বগুড়া,নন্দিগ্রাম,-,-,-
10,67,মথুরাপুর,300,বগুড়া,নন্দিগ্রাম,300,বগুড়া,নন্দিগ্রাম,-,-,-
10,67,দত্তমানিক,302,বগুড়া,নন্দিগ্রাম,302,বগুড়া,নন্দিগ্রাম,-,-,-
10,67,কোস্থা,303,বগুড়া,নন্দিগ্রাম,303,বগুড়া,নন্দিগ্রাম,-,-,-
10,67,কাশীমলকুড়ী,304,বগুড়া,নন্দিগ্রাম,304,বগুড়া,নন্দিগ্রাম,-,-,-
10,67,শিমুলকুচি,305,বগুড়া,নন্দিগ্রাম,305,বগুড়া,নন্দিগ্রাম,-,-,-
10,67,কৈডালা,306,বগুড়া,নন্দিগ্রাম,306,বগুড়া,নন্দিগ্রাম,-,-,-
10,67,তেঘরী,307,বগুড়া,নন্দিগ্রাম,307,বগুড়া,নন্দিগ্রাম,-,-,-
10,67,বিজয়ঘাট,308,বগুড়া,নন্দিগ্রাম,308,বগুড়া,নন্দিগ্রাম,-,-,-
10,67,গন্দইল,309,বগুড়া,নন্দিগ্রাম,309,বগুড়া,নন্দিগ্রাম,-,-,-
10,67,হাটুয়া,310,বগুড়া,নন্দিগ্রাম,310,বগুড়া,নন্দিগ্রাম,-,-,-
10,67,আলাইপুর,311,বগুড়া,নন্দিগ্রাম,311,বগুড়া,নন্দিগ্রাম,-,-,-
10,67,উত্তর চহিতপুর,312,বগুড়া,নন্দিগ্রাম,312,বগুড়া,নন্দিগ্রাম,-,-,-
10,67,সহরকুড়ি,331,বগুড়া,নন্দিগ্রাম,331,বগুড়া,নন্দিগ্রাম,-,-,-
10,67,রনবাঘা,333,বগুড়া,নন্দিগ্রাম,333,বগুড়া,নন্দিগ্রাম,-,-,-
10,67,কৈগাড়ী,334,বগুড়া,নন্দিগ্রাম,334,বগুড়া,নন্দিগ্রাম,-,-,-
10,20,নামুজা,1,বগুড়া,বগুড়া সদর,1,বগুড়া,বগুড়া সদর,-,-,-
10,20,ধর্ম্মপুর,2,বগুড়া,বগুড়া সদর,2,বগুড়া,বগুড়া সদর,-,-,-
10,20,টেংরা,3,বগুড়া,বগুড়া সদর,3,বগুড়া,বগুড়া সদর,-,-,-
10,20,হুকমাপুর,4,বগুড়া,বগুড়া সদর,4,বগুড়া,বগুড়া সদর,-,-,-
10,20,সরলপুর বড়,5,বগুড়া,বগুড়া সদর,5,বগুড়া,বগুড়া সদর,-,-,-
10,20,ধলমোহিনী,6,বগুড়া,বগুড়া সদর,6,বগুড়া,বগুড়া সদর,-,-,-
10,20,পলীবাড়ী,7,বগুড়া,বগুড়া সদর,7,বগুড়া,বগুড়া সদর,-,-,-
10,20,চিংগাসপুর,8,বগুড়া,বগুড়া সদর,8,বগুড়া,বগুড়া সদর,-,-,-
10,20,মথুরা,9,বগুড়া,বগুড়া সদর,9,বগুড়া,বগুড়া সদর,-,-,-
10,20,বাঁমনপাড়া,10,বগুড়া,বগুড়া সদর,10,বগুড়া,বগুড়া সদর,-,-,-
10,20,পলাশবাড়ী,11,বগুড়া,বগুড়া সদর,11,বগুড়া,বগুড়া সদর,-,-,-
10,20,সরলপুর ,12,বগুড়া,বগুড়া সদর,12,বগুড়া,বগুড়া সদর,-,-,-
10,20,চাঁদমুয়া হরিপুর,13,বগুড়া,বগুড়া সদর,13,বগুড়া,বগুড়া সদর,-,-,-
10,20,রজাকপুর,14,বগুড়া,বগুড়া সদর,14,বগুড়া,বগুড়া সদর,-,-,-
10,20,অন্তাহার,15,বগুড়া,বগুড়া সদর,15,বগুড়া,বগুড়া সদর,-,-,-
10,20,তেলধাপ,16,বগুড়া,বগুড়া সদর,16,বগুড়া,বগুড়া সদর,-,-,-
10,20,কাওলা,17,বগুড়া,বগুড়া সদর,17,বগুড়া,বগুড়া সদর,-,-,-
10,20,দোগাড়িয়া,18,বগুড়া,বগুড়া সদর,18,বগুড়া,বগুড়া সদর,-,-,-
10,20,ধাওয়াপিকশন,19,বগুড়া,বগুড়া সদর,19,বগুড়া,বগুড়া সদর,-,-,-
10,20,কুক্ রুল,20,বগুড়া,বগুড়া সদর,20,বগুড়া,বগুড়া সদর,-,-,-
10,20,দারিয়াল,21,বগুড়া,বগুড়া সদর,21,বগুড়া,বগুড়া সদর,-,-,-
10,20,শশীবদনী,22,বগুড়া,বগুড়া সদর,22,বগুড়া,বগুড়া সদর,-,-,-
10,20,হাজরাদীঘি,23,বগুড়া,বগুড়া সদর,23,বগুড়া,বগুড়া সদর,-,-,-
10,20,রামসহর,24,বগুড়া,বগুড়া সদর,24,বগুড়া,বগুড়া সদর,-,-,-
10,20,আশোকোলা,25,বগুড়া,বগুড়া সদর,25,বগুড়া,বগুড়া সদর,-,-,-
10,20,বাঘোপাড়া,26,বগুড়া,বগুড়া সদর,26,বগুড়া,বগুড়া সদর,-,-,-
10,20,গোকুল,27,বগুড়া,বগুড়া সদর,27,বগুড়া,বগুড়া সদর,-,-,-
10,20,ধাওয়াকোলা,28,বগুড়া,বগুড়া সদর,28,বগুড়া,বগুড়া সদর,-,-,-
10,20,তেলীহারা,29,বগুড়া,বগুড়া সদর,29,বগুড়া,বগুড়া সদর,-,-,-
10,20,মহিষবাথান,30,বগুড়া,বগুড়া সদর,30,বগুড়া,বগুড়া সদর,-,-,-
10,20,কৈগাড়ী বড়,31,বগুড়া,বগুড়া সদর,31,বগুড়া,বগুড়া সদর,-,-,-
10,20,ভান্ডার পাইকা,32,বগুড়া,বগুড়া সদর,32,বগুড়া,বগুড়া সদর,-,-,-
10,20,নুরইল,33,বগুড়া,বগুড়া সদর,33,বগুড়া,বগুড়া সদর,-,-,-
10,20,কাজী নুরল,34,বগুড়া,বগুড়া সদর,34,বগুড়া,বগুড়া সদর,-,-,-
10,20,দক্ষিণ ভাগ,35,বগুড়া,বগুড়া সদর,35,বগুড়া,বগুড়া সদর,-,-,-
10,20,পার দক্ষিণ ভাগ,36,বগুড়া,বগুড়া সদর,36,বগুড়া,বগুড়া সদর,-,-,-
10,20,গৌরিদাস পুর,37,বগুড়া,বগুড়া সদর,37,বগুড়া,বগুড়া সদর,-,-,-
10,20,আমদবালা,38,বগুড়া,বগুড়া সদর,38,বগুড়া,বগুড়া সদর,-,-,-
10,20,লাহিড়ী পাড়া,39,বগুড়া,বগুড়া সদর,39,বগুড়া,বগুড়া সদর,-,-,-
10,20,দিঘলকান্দি,40,বগুড়া,বগুড়া সদর,40,বগুড়া,বগুড়া সদর,-,-,-
10,20,রোকনগাড়ী,41,বগুড়া,বগুড়া সদর,41,বগুড়া,বগুড়া সদর,-,-,-
10,20,বুজরুগ মাজিরা,42,বগুড়া,বগুড়া সদর,42,বগুড়া,বগুড়া সদর,-,-,-
10,20,ধাওয়া কান্দি,43,বগুড়া,বগুড়া সদর,43,বগুড়া,বগুড়া সদর,-,-,-
10,20,চাঁদ পাড়া,44,বগুড়া,বগুড়া সদর,44,বগুড়া,বগুড়া সদর,-,-,-
10,20,কোয়ালী পাড়া,45,বগুড়া,বগুড়া সদর,45,বগুড়া,বগুড়া সদর,-,-,-
10,20,রায় মাজিরা,46,বগুড়া,বগুড়া সদর,46,বগুড়া,বগুড়া সদর,-,-,-
10,20,মধু মাজিরা,47,বগুড়া,বগুড়া সদর,47,বগুড়া,বগুড়া সদর,-,-,-
10,20,সাত শিমুলিয়া,48,বগুড়া,বগুড়া সদর,48,বগুড়া,বগুড়া সদর,-,-,-
10,20,দোবাড়ীয়া,49,বগুড়া,বগুড়া সদর,49,বগুড়া,বগুড়া সদর,-,-,-
10,20,পির গাছা,50,বগুড়া,বগুড়া সদর,50,বগুড়া,বগুড়া সদর,-,-,-
10,20,বাথুয়া বাড়ী,51,বগুড়া,বগুড়া সদর,51,বগুড়া,বগুড়া সদর,-,-,-
10,20,কোমল পুর,52,বগুড়া,বগুড়া সদর,52,বগুড়া,বগুড়া সদর,-,-,-
10,20,নন্দী পাড়া,53,বগুড়া,বগুড়া সদর,53,বগুড়া,বগুড়া সদর,-,-,-
10,20,যোগাইপুর,54,বগুড়া,বগুড়া সদর,54,বগুড়া,বগুড়া সদর,-,-,-
10,20,যোশো পাড়া,55,বগুড়া,বগুড়া সদর,55,বগুড়া,বগুড়া সদর,-,-,-
10,20,ডেকরা,56,বগুড়া,বগুড়া সদর,56,বগুড়া,বগুড়া সদর,-,-,-
10,20,বিদুপাড়া,57,বগুড়া,বগুড়া সদর,57,বগুড়া,বগুড়া সদর,-,-,-
10,20,বিল নুরইল,58,বগুড়া,বগুড়া সদর,58,বগুড়া,বগুড়া সদর,-,-,-
10,20,চালিতা বাড়ী,59,বগুড়া,বগুড়া সদর,59,বগুড়া,বগুড়া সদর,-,-,-
10,20,পাঁচ বাড়ী,60,বগুড়া,বগুড়া সদর,60,বগুড়া,বগুড়া সদর,-,-,-
10,20,উলিপুর,61,বগুড়া,বগুড়া সদর,61,বগুড়া,বগুড়া সদর,-,-,-
10,20,কদিম পাড়া,62,বগুড়া,বগুড়া সদর,62,বগুড়া,বগুড়া সদর,-,-,-
10,20,শেখের কোলা,63,বগুড়া,বগুড়া সদর,63,বগুড়া,বগুড়া সদর,-,-,-
10,20,বনমালী পাড়া,64,বগুড়া,বগুড়া সদর,64,বগুড়া,বগুড়া সদর,-,-,-
10,20,শাখারিয়া,65,বগুড়া,বগুড়া সদর,65,বগুড়া,বগুড়া সদর,-,-,-
10,20,ঠেঙ্গামারা,66,বগুড়া,বগুড়া সদর,66,বগুড়া,বগুড়া সদর,-,-,-
10,20,বারবাকপুর,67,বগুড়া,বগুড়া সদর,67,বগুড়া,বগুড়া সদর,-,-,-
10,20,দশটিকা,68,বগুড়া,বগুড়া সদর,68,বগুড়া,বগুড়া সদর,-,-,-
10,20,কৃষ্ণপুর,69,বগুড়া,বগুড়া সদর,69,বগুড়া,বগুড়া সদর,-,-,-
10,20,শিকারপুর,70,বগুড়া,বগুড়া সদর,70,বগুড়া,বগুড়া সদর,-,-,-
10,20,বগুলাহার,71,বগুড়া,বগুড়া সদর,71,বগুড়া,বগুড়া সদর,-,-,-
10,20,বানদিঘী,72,বগুড়া,বগুড়া সদর,72,বগুড়া,বগুড়া সদর,-,-,-
10,20,কুমিড়া,73,বগুড়া,বগুড়া সদর,73,বগুড়া,বগুড়া সদর,-,-,-
10,20,ছয়পুকুরিয়া,74,বগুড়া,বগুড়া সদর,74,বগুড়া,বগুড়া সদর,-,-,-
10,20,এরুলিয়া,75,বগুড়া,বগুড়া সদর,75,বগুড়া,বগুড়া সদর,-,-,-
10,20,চান্দাই,76,বগুড়া,বগুড়া সদর,76,বগুড়া,বগুড়া সদর,-,-,-
10,20,ফাপোর,77,বগুড়া,বগুড়া সদর,77,বগুড়া,বগুড়া সদর,-,-,-
10,20,দুর্গাপুর,78,বগুড়া,বগুড়া সদর,78,বগুড়া,বগুড়া সদর,-,-,-
10,20,পালশা,79,বগুড়া,বগুড়া সদর,79,বগুড়া,বগুড়া সদর,-,-,-
10,20,নিশিন্দারা,80,বগুড়া,বগুড়া সদর,80,বগুড়া,বগুড়া সদর,-,-,-
10,20,চকবৃন্দাবন,81,বগুড়া,বগুড়া সদর,81,বগুড়া,বগুড়া সদর,-,-,-
10,20,সুত্রাপুর,82,বগুড়া,বগুড়া সদর,82,বগুড়া,বগুড়া সদর,-,-,-
10,20,চিলুপাড়া,83,বগুড়া,বগুড়া সদর,83,বগুড়া,বগুড়া সদর,-,-,-
10,20,কাটনার পাড়া,84,বগুড়া,বগুড়া সদর,84,বগুড়া,বগুড়া সদর,-,-,-
10,20,শিববাটি,85,বগুড়া,বগুড়া সদর,85,বগুড়া,বগুড়া সদর,-,-,-
10,20,ফুলবাড়ী,86,বগুড়া,বগুড়া সদর,86,বগুড়া,বগুড়া সদর,-,-,-
10,20,রাজাপুর,87,বগুড়া,বগুড়া সদর,87,বগুড়া,বগুড়া সদর,-,-,-
10,20,কালিবালা,88,বগুড়া,বগুড়া সদর,88,বগুড়া,বগুড়া সদর,-,-,-
10,20,মানিক চক,89,বগুড়া,বগুড়া সদর,89,বগুড়া,বগুড়া সদর,-,-,-
10,20,হটিলাপুর,90,বগুড়া,বগুড়া সদর,90,বগুড়া,বগুড়া সদর,-,-,-
10,20,কণপুর,91,বগুড়া,বগুড়া সদর,91,বগুড়া,বগুড়া সদর,-,-,-
10,20,কুটুরবাড়ী,92,বগুড়া,বগুড়া সদর,92,বগুড়া,বগুড়া সদর,-,-,-
10,20,মন্ডল ধরণ,93,বগুড়া,বগুড়া সদর,93,বগুড়া,বগুড়া সদর,-,-,-
10,20,মেঘাগাছা,94,বগুড়া,বগুড়া সদর,94,বগুড়া,বগুড়া সদর,-,-,-
10,20,গোবর্দ্ধনপুর,95,বগুড়া,বগুড়া সদর,95,বগুড়া,বগুড়া সদর,-,-,-
10,20,খামার কান্দি,96,বগুড়া,বগুড়া সদর,96,বগুড়া,বগুড়া সদর,-,-,-
10,20,ডাকুর চক,97,বগুড়া,বগুড়া সদর,97,বগুড়া,বগুড়া সদর,-,-,-
10,20,নগর,98,বগুড়া,বগুড়া সদর,98,বগুড়া,বগুড়া সদর,-,-,-
10,20,কুরশা,99,বগুড়া,বগুড়া সদর,99,বগুড়া,বগুড়া সদর,-,-,-
10,20,ইছাদহ,100,বগুড়া,বগুড়া সদর,100,বগুড়া,বগুড়া সদর,-,-,-
10,20,নারলী,101,বগুড়া,বগুড়া সদর,101,বগুড়া,বগুড়া সদর,-,-,-
10,20,ধাওয়া পাড়া,102,বগুড়া,বগুড়া সদর,102,বগুড়া,বগুড়া সদর,-,-,-
10,20,পার বগুড়া,103,বগুড়া,বগুড়া সদর,103,বগুড়া,বগুড়া সদর,-,-,-
10,20,আকাশ তারা,104,বগুড়া,বগুড়া সদর,104,বগুড়া,বগুড়া সদর,-,-,-
10,20,সাবগ্রাম,105,বগুড়া,বগুড়া সদর,105,বগুড়া,বগুড়া সদর,-,-,-
10,20,চক আলম,106,বগুড়া,বগুড়া সদর,106,বগুড়া,বগুড়া সদর,-,-,-
10,20,চান্দ পাড়া,107,বগুড়া,বগুড়া সদর,107,বগুড়া,বগুড়া সদর,-,-,-
10,20,চক ধানাই,108,বগুড়া,বগুড়া সদর,108,বগুড়া,বগুড়া সদর,-,-,-
10,20,ক্ষিদ্র ধামা,109,বগুড়া,বগুড়া সদর,109,বগুড়া,বগুড়া সদর,-,-,-
10,20,চক ঝপু,110,বগুড়া,বগুড়া সদর,110,বগুড়া,বগুড়া সদর,-,-,-
10,20,চক মিঠন,111,বগুড়া,বগুড়া সদর,111,বগুড়া,বগুড়া সদর,-,-,-
10,20,রবিবাড়ীয়া,112,বগুড়া,বগুড়া সদর,112,বগুড়া,বগুড়া সদর,-,-,-
10,20,বুজগবাড়ীয়া,113,বগুড়া,বগুড়া সদর,113,বগুড়া,বগুড়া সদর,-,-,-
10,20,নাটাই,114,বগুড়া,বগুড়া সদর,114,বগুড়া,বগুড়া সদর,-,-,-
10,20,ভাটকান্দি,115,বগুড়া,বগুড়া সদর,115,বগুড়া,বগুড়া সদর,-,-,-
10,20,মালতীনগর,116,বগুড়া,বগুড়া সদর,116,বগুড়া,বগুড়া সদর,-,-,-
10,20,গারামারা,117,বগুড়া,বগুড়া সদর,117,বগুড়া,বগুড়া সদর,-,-,-
10,20,ঠনঠনিয়া,118,বগুড়া,বগুড়া সদর,118,বগুড়া,বগুড়া সদর,-,-,-
10,20,ফুলদিঘী,119,বগুড়া,বগুড়া সদর,119,বগুড়া,বগুড়া সদর,-,-,-
10,20,কৈগাড়ী,120,বগুড়া,বগুড়া সদর,120,বগুড়া,বগুড়া সদর,-,-,-
10,20,মালগ্রাম,121,বগুড়া,বগুড়া সদর,121,বগুড়া,বগুড়া সদর,-,-,-
10,20,ছিলিমপুর,122,বগুড়া,বগুড়া সদর,122,বগুড়া,বগুড়া সদর,-,-,-
10,20,পুরান বগুড়া,123,বগুড়া,বগুড়া সদর,123,বগুড়া,বগুড়া সদর,-,-,-
10,20,বেলাইল,124,বগুড়া,বগুড়া সদর,124,বগুড়া,বগুড়া সদর,-,-,-
10,20,কহিতকোল,125,বগুড়া,বগুড়া সদর,125,বগুড়া,বগুড়া সদর,-,-,-
10,20,শহরদিঘী,126,বগুড়া,বগুড়া সদর,126,বগুড়া,বগুড়া সদর,-,-,-
10,20,কৈচর,127,বগুড়া,বগুড়া সদর,127,বগুড়া,বগুড়া সদর,-,-,-
10,20,কানাড়া,128,বগুড়া,বগুড়া সদর,128,বগুড়া,বগুড়া সদর,-,-,-
10,20,চেঙ্গর,129,বগুড়া,বগুড়া সদর,129,বগুড়া,বগুড়া সদর,-,-,-
10,20,পাটিতা পাড়া,130,বগুড়া,বগুড়া সদর,130,বগুড়া,বগুড়া সদর,-,-,-
10,20,নন্দকুল,131,বগুড়া,বগুড়া সদর,131,বগুড়া,বগুড়া সদর,-,-,-
10,20,বইটা পাড়া,132,বগুড়া,বগুড়া সদর,132,বগুড়া,বগুড়া সদর,-,-,-
10,20,চকপদ্ম গাড়ী,133,বগুড়া,বগুড়া সদর,133,বগুড়া,বগুড়া সদর,-,-,-
10,20,বিরহিমপুর,134,বগুড়া,বগুড়া সদর,134,বগুড়া,বগুড়া সদর,-,-,-
10,20,দারিকামারী,135,বগুড়া,বগুড়া সদর,135,বগুড়া,বগুড়া সদর,-,-,-
10,20,শাকপালা,136,বগুড়া,বগুড়া সদর,136,বগুড়া,বগুড়া সদর,-,-,-
10,20,বয়রাদিঘী,137,বগুড়া,বগুড়া সদর,137,বগুড়া,বগুড়া সদর,-,-,-
10,20,গন্ডগ্রাম,138,বগুড়া,বগুড়া সদর,138,বগুড়া,বগুড়া সদর,-,-,-
10,20,চক ফরিদ,139,বগুড়া,বগুড়া সদর,139,বগুড়া,বগুড়া সদর,-,-,-
10,20,লতিফ পুর,140,বগুড়া,বগুড়া সদর,140,বগুড়া,বগুড়া সদর,-,-,-
10,20,চক লোকমান,141,বগুড়া,বগুড়া সদর,141,বগুড়া,বগুড়া সদর,-,-,-
10,20,বেজোড়া,142,বগুড়া,বগুড়া সদর,142,বগুড়া,বগুড়া সদর,-,-,-
10,20,নিশ্চিন্তপুর,143,বগুড়া,বগুড়া সদর,143,বগুড়া,বগুড়া সদর,-,-,-
10,20,ঢাকন্তা,144,বগুড়া,বগুড়া সদর,144,বগুড়া,বগুড়া সদর,-,-,-
10,20,কলসি মাটি,145,বগুড়া,বগুড়া সদর,145,বগুড়া,বগুড়া সদর,-,-,-
10,20,শ্যাম বাড়ীয়া,146,বগুড়া,বগুড়া সদর,146,বগুড়া,বগুড়া সদর,-,-,-
10,20,শেখ পাড়া,147,বগুড়া,বগুড়া সদর,147,বগুড়া,বগুড়া সদর,-,-,-
10,20,চকসরতাজ,148,বগুড়া,বগুড়া সদর,148,বগুড়া,বগুড়া সদর,-,-,-
10,20,বুজুগধামা,149,বগুড়া,বগুড়া সদর,149,বগুড়া,বগুড়া সদর,-,-,-
10,20,শ্মশানকান্দি  উত্তর পাড়া,150,বগুড়া,বগুড়া সদর,150,বগুড়া,বগুড়া সদর,-,-,-
10,20,শ্মশানকান্দি দক্ষিণ পাড়া,151,বগুড়া,বগুড়া সদর,151,বগুড়া,বগুড়া সদর,-,-,-
10,20,রামচন্দ্রপুর,152,বগুড়া,বগুড়া সদর,152,বগুড়া,বগুড়া সদর,-,-,-
10,20,নন্দগাঁ,153,বগুড়া,বগুড়া সদর,153,বগুড়া,বগুড়া সদর,-,-,-
10,20,দরিনন্দগ্রাম,154,বগুড়া,বগুড়া সদর,154,বগুড়া,বগুড়া সদর,-,-,-
10,20,হেলঞ্চা পাড়া,155,বগুড়া,বগুড়া সদর,155,বগুড়া,বগুড়া সদর,-,-,-
10,20,মাদলা,156,বগুড়া,বগুড়া সদর,156,বগুড়া,বগুড়া সদর,-,-,-
10,20,কাজিপাড়া,157,বগুড়া,বগুড়া সদর,157,বগুড়া,বগুড়া সদর,-,-,-
10,20,শেরকোল,158,বগুড়া,বগুড়া সদর,158,বগুড়া,বগুড়া সদর,-,-,-
10,20,রামকৃষ্ণপুর,159,বগুড়া,বগুড়া সদর,159,বগুড়া,বগুড়া সদর,-,-,-
10,20,লক্ষীখোলা,160,বগুড়া,বগুড়া সদর,160,বগুড়া,বগুড়া সদর,-,-,-
10,20,ছূড়িমারা,161,বগুড়া,বগুড়া সদর,161,বগুড়া,বগুড়া সদর,-,-,-
10,20,চান্দাই,162,বগুড়া,বগুড়া সদর,162,বগুড়া,বগুড়া সদর,-,-,-
10,20,জালসুখা,163,বগুড়া,বগুড়া সদর,163,বগুড়া,বগুড়া সদর,-,-,-
10,20,নারিলা,164,বগুড়া,বগুড়া সদর,164,বগুড়া,বগুড়া সদর,-,-,-
10,20,জুজখোলা,165,বগুড়া,বগুড়া সদর,165,বগুড়া,বগুড়া সদর,-,-,-
10,20,বোহাইল,166,বগুড়া,বগুড়া সদর,166,বগুড়া,বগুড়া সদর,-,-,-
10,20,খোট্রা পাড়া,167,বগুড়া,বগুড়া সদর,167,বগুড়া,বগুড়া সদর,-,-,-
10,20,বল্দি পালান,168,বগুড়া,বগুড়া সদর,168,বগুড়া,বগুড়া সদর,-,-,-
10,20,চাঁচাইতারা,169,বগুড়া,বগুড়া সদর,169,বগুড়া,বগুড়া সদর,-,-,-
10,20,ভান্ডার পাইকা,170,বগুড়া,বগুড়া সদর,170,বগুড়া,বগুড়া সদর,-,-,-
10,20,ঘাসিয়ারা ,171,বগুড়া,বগুড়া সদর,171,বগুড়া,বগুড়া সদর,-,-,-
10,20,মাস্তাইল,172,বগুড়া,বগুড়া সদর,172,বগুড়া,বগুড়া সদর,-,-,-
10,20,ভর কুটি,173,বগুড়া,বগুড়া সদর,173,বগুড়া,বগুড়া সদর,-,-,-
10,20,জোকা,174,বগুড়া,বগুড়া সদর,174,বগুড়া,বগুড়া সদর,-,-,-
10,20,দুরুলিয়া,175,বগুড়া,বগুড়া সদর,175,বগুড়া,বগুড়া সদর,-,-,-
10,20,খলিসা কান্দি,176,বগুড়া,বগুড়া সদর,176,বগুড়া,বগুড়া সদর,-,-,-
10,20,সুজাবাদ,177,বগুড়া,বগুড়া সদর,177,বগুড়া,বগুড়া সদর,-,-,-
10,20,বেতগাড়ী,178,বগুড়া,বগুড়া সদর,178,বগুড়া,বগুড়া সদর,-,-,-
10,20,সাজাপুর,179,বগুড়া,বগুড়া সদর,179,বগুড়া,বগুড়া সদর,-,-,-
10,20,পারটেকুর,180,বগুড়া,বগুড়া সদর,180,বগুড়া,বগুড়া সদর,-,-,-
10,20,চকজোড়া,181,বগুড়া,বগুড়া সদর,181,বগুড়া,বগুড়া সদর,-,-,-
10,20,আশেকপুর,182,বগুড়া,বগুড়া সদর,182,বগুড়া,বগুড়া সদর,-,-,-
10,20,মুনসুরপুর,183,বগুড়া,বগুড়া সদর,183,বগুড়া,বগুড়া সদর,-,-,-
10,20,জোড়া,184,বগুড়া,বগুড়া সদর,184,বগুড়া,বগুড়া সদর,-,-,-
10,20,সাবরুল,185,বগুড়া,বগুড়া সদর,185,বগুড়া,বগুড়া সদর,-,-,-
10,20,কুন্দদেশমা,186,বগুড়া,বগুড়া সদর,186,বগুড়া,বগুড়া সদর,-,-,-
10,20,শিবদেশমা,187,বগুড়া,বগুড়া সদর,187,বগুড়া,বগুড়া সদর,-,-,-
10,20,সাতকাউনিয়া,188,বগুড়া,বগুড়া সদর,188,বগুড়া,বগুড়া সদর,-,-,-
10,20,জগন্নাথপুর,189,বগুড়া,বগুড়া সদর,189,বগুড়া,বগুড়া সদর,-,-,-
10,20,বীর গাঁও,190,বগুড়া,বগুড়া সদর,190,বগুড়া,বগুড়া সদর,-,-,-
10,20,চক ভালি,191,বগুড়া,বগুড়া সদর,191,বগুড়া,বগুড়া সদর,-,-,-
10,20,খরনা,192,বগুড়া,বগুড়া সদর,192,বগুড়া,বগুড়া সদর,-,-,-
10,20,চন্ডিবর,193,বগুড়া,বগুড়া সদর,193,বগুড়া,বগুড়া সদর,-,-,-
10,20,বনভিটা,194,বগুড়া,বগুড়া সদর,194,বগুড়া,বগুড়া সদর,-,-,-
10,20,দেসমা,195,বগুড়া,বগুড়া সদর,195,বগুড়া,বগুড়া সদর,-,-,-
10,20,জামহাটা,196,বগুড়া,বগুড়া সদর,196,বগুড়া,বগুড়া সদর,-,-,-
10,20,কড়িয়াঞ্জল,197,বগুড়া,বগুড়া সদর,197,বগুড়া,বগুড়া সদর,-,-,-
10,20,শান্তিয়ারা,198,বগুড়া,বগুড়া সদর,198,বগুড়া,বগুড়া সদর,-,-,-
10,20,ছালনা,199,বগুড়া,বগুড়া সদর,199,বগুড়া,বগুড়া সদর,-,-,-
10,20,চকদুলাহার,200,বগুড়া,বগুড়া সদর,200,বগুড়া,বগুড়া সদর,-,-,-
10,20,তারোল,201,বগুড়া,বগুড়া সদর,201,বগুড়া,বগুড়া সদর,-,-,-
10,20,চেলো,202,বগুড়া,বগুড়া সদর,202,বগুড়া,বগুড়া সদর,-,-,-
10,20,মাসিন্দা,203,বগুড়া,বগুড়া সদর,203,বগুড়া,বগুড়া সদর,-,-,-
10,20,খন্ডক্ষেত্র,204,বগুড়া,বগুড়া সদর,204,বগুড়া,বগুড়া সদর,-,-,-
10,20,লটাগাড়ী,205,বগুড়া,বগুড়া সদর,205,বগুড়া,বগুড়া সদর,-,-,-
10,20,চন্দ্রহাটা,206,বগুড়া,বগুড়া সদর,206,বগুড়া,বগুড়া সদর,-,-,-
10,20,ভাদাইকান্দি,207,বগুড়া,বগুড়া সদর,207,বগুড়া,বগুড়া সদর,-,-,-
10,20,তিতখুর,208,বগুড়া,বগুড়া সদর,208,বগুড়া,বগুড়া সদর,-,-,-
10,20,আগমাঝি,209,বগুড়া,বগুড়া সদর,209,বগুড়া,বগুড়া সদর,-,-,-
10,20,বাঁশবাড়ীয়া,210,বগুড়া,বগুড়া সদর,210,বগুড়া,বগুড়া সদর,-,-,-
10,20,কালুদাম,211,বগুড়া,বগুড়া সদর,211,বগুড়া,বগুড়া সদর,-,-,-
10,20,গনিয়াকুড়ী,212,বগুড়া,বগুড়া সদর,212,বগুড়া,বগুড়া সদর,-,-,-
10,20,হরিণগাড়ী,213,বগুড়া,বগুড়া সদর,213,বগুড়া,বগুড়া সদর,-,-,-
10,20,কাজলগৌরি,214,বগুড়া,বগুড়া সদর,214,বগুড়া,বগুড়া সদর,-,-,-
10,20,শালিকা,215,বগুড়া,বগুড়া সদর,215,বগুড়া,বগুড়া সদর,-,-,-
10,20,গোহাইল,216,বগুড়া,বগুড়া সদর,216,বগুড়া,বগুড়া সদর,-,-,-
10,20,আগর,217,বগুড়া,বগুড়া সদর,217,বগুড়া,বগুড়া সদর,-,-,-
10,20,পান্ডারপাড়া,218,বগুড়া,বগুড়া সদর,218,বগুড়া,বগুড়া সদর,-,-,-
10,20,চেঙ্গা পাঁচপুকুরিয়া,219,বগুড়া,বগুড়া সদর,219,বগুড়া,বগুড়া সদর,-,-,-
10,20,রাতোল,220,বগুড়া,বগুড়া সদর,220,বগুড়া,বগুড়া সদর,-,-,-
10,20,পালাহার,221,বগুড়া,বগুড়া সদর,221,বগুড়া,বগুড়া সদর,-,-,-
10,20,কাপাসুরি,222,বগুড়া,বগুড়া সদর,222,বগুড়া,বগুড়া সদর,-,-,-
10,20,পানিহার,223,বগুড়া,বগুড়া সদর,223,বগুড়া,বগুড়া সদর,-,-,-
10,20,বাঁশকুটা,224,বগুড়া,বগুড়া সদর,224,বগুড়া,বগুড়া সদর,-,-,-
10,20,রুপিহার,225,বগুড়া,বগুড়া সদর,225,বগুড়া,বগুড়া সদর,-,-,-
10,20,সাধরা,226,বগুড়া,বগুড়া সদর,226,বগুড়া,বগুড়া সদর,-,-,-
10,20,খাদাস,227,বগুড়া,বগুড়া সদর,227,বগুড়া,বগুড়া সদর,-,-,-
10,20,বেড়াগাড়ী,228,বগুড়া,বগুড়া সদর,228,বগুড়া,বগুড়া সদর,-,-,-
10,20,পলগাছা,229,বগুড়া,বগুড়া সদর,229,বগুড়া,বগুড়া সদর,-,-,-
10,20,সোনাকানিয়া,230,বগুড়া,বগুড়া সদর,230,বগুড়া,বগুড়া সদর,-,-,-
10,20,সোনাইদিঘী,231,বগুড়া,বগুড়া সদর,231,বগুড়া,বগুড়া সদর,-,-,-
10,20,জামুন্না,232,বগুড়া,বগুড়া সদর,232,বগুড়া,বগুড়া সদর,-,-,-
10,20,বার আঞ্জল,233,বগুড়া,বগুড়া সদর,233,বগুড়া,বগুড়া সদর,-,-,-
10,20,দাঁরিগাছা,234,বগুড়া,বগুড়া সদর,234,বগুড়া,বগুড়া সদর,-,-,-
10,20,মানিকদিপা,235,বগুড়া,বগুড়া সদর,235,বগুড়া,বগুড়া সদর,-,-,-
10,20,বামনিয়া,236,বগুড়া,বগুড়া সদর,236,বগুড়া,বগুড়া সদর,-,-,-
10,20,খোদাবন্দ বালা,237,বগুড়া,বগুড়া সদর,237,বগুড়া,বগুড়া সদর,-,-,-
10,20,ডোমন পুকুর,238,বগুড়া,বগুড়া সদর,238,বগুড়া,বগুড়া সদর,-,-,-
10,20,মাজিড়া,239,বগুড়া,বগুড়া সদর,239,বগুড়া,বগুড়া সদর,-,-,-
10,20,রহিমা বাদ,240,বগুড়া,বগুড়া সদর,240,বগুড়া,বগুড়া সদর,-,-,-
10,20,আড়িয়া,241,বগুড়া,বগুড়া সদর,241,বগুড়া,বগুড়া সদর,-,-,-
10,20,জামালপুর,242,বগুড়া,বগুড়া সদর,242,বগুড়া,বগুড়া সদর,-,-,-
10,20,মারিয়া,243,বগুড়া,বগুড়া সদর,243,বগুড়া,বগুড়া সদর,-,-,-
10,20,বিষ্ণুপুর,244,বগুড়া,বগুড়া সদর,244,বগুড়া,বগুড়া সদর,-,-,-
10,20,নারচি,245,বগুড়া,বগুড়া সদর,245,বগুড়া,বগুড়া সদর,-,-,-
10,20,কুন্দাইস,246,বগুড়া,বগুড়া সদর,246,বগুড়া,বগুড়া সদর,-,-,-
10,20,পরানবাড়ী,247,বগুড়া,বগুড়া সদর,247,বগুড়া,বগুড়া সদর,-,-,-
10,20,ডেমাজানি,248,বগুড়া,বগুড়া সদর,248,বগুড়া,বগুড়া সদর,-,-,-
10,20,বৃকুষ্টিয়া,249,বগুড়া,বগুড়া সদর,249,বগুড়া,বগুড়া সদর,-,-,-
10,20,চুপিনগর,250,বগুড়া,বগুড়া সদর,250,বগুড়া,বগুড়া সদর,-,-,-
10,20,চক চুপিনগর,251,বগুড়া,বগুড়া সদর,251,বগুড়া,বগুড়া সদর,-,-,-
10,20,বিহিগ্রাম,252,বগুড়া,বগুড়া সদর,252,বগুড়া,বগুড়া সদর,-,-,-
10,20,সাহানগর,253,বগুড়া,বগুড়া সদর,253,বগুড়া,বগুড়া সদর,-,-,-
10,20,বড় পাথার,254,বগুড়া,বগুড়া সদর,254,বগুড়া,বগুড়া সদর,-,-,-
10,20,দড়িকুল্লা,255,বগুড়া,বগুড়া সদর,255,বগুড়া,বগুড়া সদর,-,-,-
10,20,বীর কুল্লা,256,বগুড়া,বগুড়া সদর,256,বগুড়া,বগুড়া সদর,-,-,-
10,20,বিলকেশ পাথার,257,বগুড়া,বগুড়া সদর,257,বগুড়া,বগুড়া সদর,-,-,-
10,20,জয়ন্তি বাড়ী,258,বগুড়া,বগুড়া সদর,258,বগুড়া,বগুড়া সদর,-,-,-
10,20,দইকান্দি,259,বগুড়া,বগুড়া সদর,259,বগুড়া,বগুড়া সদর,-,-,-
10,20,কামার পাড়া,260,বগুড়া,বগুড়া সদর,260,বগুড়া,বগুড়া সদর,-,-,-
10,20,ফুল কোট,261,বগুড়া,বগুড়া সদর,261,বগুড়া,বগুড়া সদর,-,-,-
10,20,নগর কান্দি,262,বগুড়া,বগুড়া সদর,262,বগুড়া,বগুড়া সদর,-,-,-
10,20,শৈলধুকরী,263,বগুড়া,বগুড়া সদর,263,বগুড়া,বগুড়া সদর,-,-,-