DISTRICT GEO CODE,UPAJILA GEO CODE,MOUJA NAME,CS JL NO,CS DISTRICT,cs upazila,SA JL NO,SA DISTRICT,sa upazila,RS JL NO,RS DISTRICT,rs upazila
73,12,পশ্চিম ছাতনাই,1,রংপুর,ডিমলা,1,রংপুর,ডিমলা,,নীলফামারী,ডিমলা
73,12,ঠাকুরগঞ্জ,2,রংপুর,ডিমলা,2,রংপুর,ডিমলা,,নীলফামারী,ডিমলা
73,12,কালিগঞ্জ,3,রংপুর,ডিমলা,3,রংপুর,ডিমলা,,নীলফামারী,ডিমলা
73,12,ঝাড় সিংহেরস্বর,4,রংপুর,ডিমলা,5,রংপুর,ডিমলা,,নীলফামারী,ডিমলা
73,12,পূর্ব ছাতনাই,5,রংপুর,ডিমলা,6,রংপুর,ডিমলা,,নীলফামারী,ডিমলা
73,12,ছাতনাই,6,রংপুর,ডিমলা,7,রংপুর,ডিমলা,,নীলফামারী,ডিমলা
73,12,মধ্য ছাতনাই,7,রংপুর,ডিমলা,8,রংপুর,ডিমলা,,নীলফামারী,ডিমলা
73,12,ছাতনাই বালাপাড়া,8,রংপুর,ডিমলা,9,রংপুর,ডিমলা,,নীলফামারী,ডিমলা
73,12,সোভনগঞ্জ বালাপাড়া,9,রংপুর,ডিমলা,10,রংপুর,ডিমলা,,নীলফামারী,ডিমলা
73,12,দক্ষিন বালাপাড়া,10,রংপুর,ডিমলা,11,রংপুর,ডিমলা,,নীলফামারী,ডিমলা
73,12,উত্তর সুন্দরখাতা,11,রংপুর,ডিমলা,12,রংপুর,ডিমলা,,নীলফামারী,ডিমলা
73,12,নিজ সুন্দরখাতা,12,রংপুর,ডিমলা,13,রংপুর,ডিমলা,,নীলফামারী,ডিমলা
73,12,মধ্য সুন্দরখাতা,13,রংপুর,ডিমলা,14,রংপুর,ডিমলা,,নীলফামারী,ডিমলা
73,12,রুপাহাড়া,14,রংপুর,ডিমলা,15,রংপুর,ডিমলা,,নীলফামারী,ডিমলা
73,12,উত্তর তিতপাড়া,15,রংপুর,ডিমলা,16,রংপুর,ডিমলা,,নীলফামারী,ডিমলা
73,12,বন্দর খড়িবাড়ী,16,রংপুর,ডিমলা,17,রংপুর,ডিমলা,,নীলফামারী,ডিমলা
73,12,খগা খড়িবাড়ী,17,রংপুর,ডিমলা,18,রংপুর,ডিমলা,,নীলফামারী,ডিমলা
73,12,পশ্চিম খড়িবাড়ী,18,রংপুর,ডিমলা,19,রংপুর,ডিমলা,,নীলফামারী,ডিমলা
73,12,দোলপাড়া,19,রংপুর,ডিমলা,20,রংপুর,ডিমলা,,নীলফামারী,ডিমলা
73,12,কিসামত ছাতনাই,20,রংপুর,ডিমলা,21,রংপুর,ডিমলা,,নীলফামারী,ডিমলা
73,12,উত্তর খড়িবাড়ী,21,রংপুর,ডিমলা,22,রংপুর,ডিমলা,,নীলফামারী,ডিমলা
73,12,চড় খড়িবাড়ী,22,রংপুর,ডিমলা,23,রংপুর,ডিমলা,,নীলফামারী,ডিমলা
73,12,পূর্ব খড়িবাড়ী,23,রংপুর,ডিমলা,24,রংপুর,ডিমলা,,নীলফামারী,ডিমলা
73,12,দক্ষিন খড়িবাড়ী,24,রংপুর,ডিমলা,25,রংপুর,ডিমলা,,নীলফামারী,ডিমলা
73,12,গয়াবাড়ী,25,রংপুর,ডিমলা,26,রংপুর,ডিমলা,,নীলফামারী,ডিমলা
73,12,আকাশকুড়ী,26,রংপুর,ডিমলা,27,রংপুর,ডিমলা,,নীলফামারী,ডিমলা
73,12,দক্ষিন তিতপাড়া,27,রংপুর,ডিমলা,28,রংপুর,ডিমলা,,নীলফামারী,ডিমলা
73,12,ডিমলা,28,রংপুর,ডিমলা,29,রংপুর,ডিমলা,,নীলফামারী,ডিমলা
73,12,বাবুরহাট,29,রংপুর,ডিমলা,30,রংপুর,ডিমলা,,নীলফামারী,ডিমলা
73,12,দক্ষিন সুন্দরখাতা,30,রংপুর,ডিমলা,31,রংপুর,ডিমলা,,নীলফামারী,ডিমলা
73,12,রাম ডাংগা,31,রংপুর,ডিমলা,32,রংপুর,ডিমলা,,নীলফামারী,ডিমলা
73,12,কুঠিরডাংগা,32,রংপুর,ডিমলা,33,রংপুর,ডিমলা,,নীলফামারী,ডিমলা
73,12,পচারহাট,33,রংপুর,ডিমলা,34,রংপুর,ডিমলা,,নীলফামারী,ডিমলা
73,12,সরদার হাট,34,রংপুর,ডিমলা,35,রংপুর,ডিমলা,,নীলফামারী,ডিমলা
73,12,কুমার পাড়া,35,রংপুর,ডিমলা,36,রংপুর,ডিমলা,,নীলফামারী,ডিমলা
73,12,শালহাটি,36,রংপুর,ডিমলা,37,রংপুর,ডিমলা,,নীলফামারী,ডিমলা
73,12,সাতজান,37,রংপুর,ডিমলা,38,রংপুর,ডিমলা,,নীলফামারী,ডিমলা
73,12,কাকড়া,38,রংপুর,ডিমলা,39,রংপুর,ডিমলা,,নীলফামারী,ডিমলা
73,12,নটাবাড়ী,39,রংপুর,ডিমলা,40,রংপুর,ডিমলা,,নীলফামারী,ডিমলা
73,12,নাউতারা,40,রংপুর,ডিমলা,41,রংপুর,ডিমলা,,নীলফামারী,ডিমলা
73,12,দক্ষিন গয়াবাড়ী,41,রংপুর,ডিমলা,42,রংপুর,ডিমলা,,নীলফামারী,ডিমলা
73,12,চাপানী কাকিনা,42,রংপুর,ডিমলা,43,রংপুর,ডিমলা,,নীলফামারী,ডিমলা
73,12,ছোটখাতা,43,রংপুর,ডিমলা,44,রংপুর,ডিমলা,,নীলফামারী,ডিমলা
73,12,কিসামত সতিঘাট,44,রংপুর,ডিমলা,45,রংপুর,ডিমলা,,নীলফামারী,ডিমলা
73,12,বাইশপুকুর,45,রংপুর,ডিমলা,46,রংপুর,ডিমলা,45,নীলফামারী,ডিমলা
73,12,ডালিয়া,46,রংপুর,ডিমলা,47,রংপুর,ডিমলা,,নীলফামারী,ডিমলা
73,12,খালিশা চাপানী,47,রংপুর,ডিমলা,48,রংপুর,ডিমলা,,নীলফামারী,ডিমলা
73,12,উত্তর ঝুনাগাছ চাপানী,48,রংপুর,ডিমলা,49,রংপুর,ডিমলা,,নীলফামারী,ডিমলা
73,12,দক্ষিন ঝুনাগাছ চাপানী,49,রংপুর,ডিমলা,50,রংপুর,ডিমলা,49,নীলফামারী,ডিমলা
73,12,উত্তর সোনাখুলী,50,রংপুর,ডিমলা,51,রংপুর,ডিমলা,,নীলফামারী,ডিমলা
73,12,ছাতুনামা,51,রংপুর,ডিমলা,52,রংপুর,ডিমলা,51,নীলফামারী,ডিমলা
73,12,ভেন্ডাবাড়ী,52,রংপুর,ডিমলা,53,রংপুর,ডিমলা,52,নীলফামারী,ডিমলা
73,12,দক্ষিন সোনাখুলী,53,রংপুর,ডিমলা,54,রংপুর,ডিমলা,,নীলফামারী,ডিমলা
73,15,ডাংগাপাড়া,1,রংপুর,ডোমার,1,রংপুর,ডোমার,1,নীলফামারী,ডোমার
73,15,পূর্ব ভোগডাবুরী,2,রংপুর,ডোমার,2,রংপুর,ডোমার,2,নীলফামারী,ডোমার
73,15,গোসাইগঞ্জ,3,রংপুর,ডোমার,3,রংপুর,ডোমার,3,নীলফামারী,ডোমার
73,15,নিজ ভোগডাবুরী,4,রংপুর,ডোমার,4,রংপুর,ডোমার,4,নীলফামারী,ডোমার
73,15,চিলাহাটি,5,রংপুর,ডোমার,5,রংপুর,ডোমার,,নীলফামারী,ডোমার
73,15,উত্তর কেতকীবাড়ী,6,রংপুর,ডোমার,6,রংপুর,ডোমার,6,নীলফামারী,ডোমার
73,15,দক্ষিন কেতকীবাড়ী,7,রংপুর,ডোমার,7,রংপুর,ডোমার,7,নীলফামারী,ডোমার
73,15,চাঁদখানা,8,রংপুর,ডোমার,8,রংপুর,ডোমার,,নীলফামারী,ডোমার
73,15,উত্তর আমবাড়ী,9,রংপুর,ডোমার,9,রংপুর,ডোমার,,নীলফামারী,ডোমার
73,15,পূর্ব আমবাড়ী,10,রংপুর,ডোমার,10,রংপুর,ডোমার,,নীলফামারী,ডোমার
73,15,উত্তর গোমনাতী,11,রংপুর,ডোমার,11,রংপুর,ডোমার,11,নীলফামারী,ডোমার
73,15,গোমনাতী,12,রংপুর,ডোমার,12,রংপুর,ডোমার,,নীলফামারী,ডোমার
73,15,দক্ষিন গোমনাতী,13,রংপুর,ডোমার,13,রংপুর,ডোমার,,নীলফামারী,ডোমার
73,15,দক্ষিন আমবাড়ী,14,রংপুর,ডোমার,14,রংপুর,ডোমার,14,নীলফামারী,ডোমার
73,15,জোড়াবাড়ী,15,রংপুর,ডোমার,15,রংপুর,ডোমার,,নীলফামারী,ডোমার
73,15,মির্জাগঞ্জ,16,রংপুর,ডোমার,16,রংপুর,ডোমার,16,নীলফামারী,ডোমার
73,15,হলহলিয়া,17,রংপুর,ডোমার,17,রংপুর,ডোমার,,নীলফামারী,ডোমার
73,15,বেতগাড়া,18,রংপুর,ডোমার,18,রংপুর,ডোমার,,নীলফামারী,ডোমার
73,15,বড়রাউতা,19,রংপুর,ডোমার,19,রংপুর,ডোমার,,নীলফামারী,ডোমার
73,15,চিলাই,20,রংপুর,ডোমার,20,রংপুর,ডোমার,,নীলফামারী,ডোমার
73,15,খাটুরিয়া,21,রংপুর,ডোমার,21,রংপুর,ডোমার,,নীলফামারী,ডোমার
73,15,চিকনমাটি,22,রংপুর,ডোমার,22,রংপুর,ডোমার,,নীলফামারী,ডোমার
73,15,ছোট রাউতা,23,রংপুর,ডোমার,23,রংপুর,ডোমার,,নীলফামারী,ডোমার
73,15,পশ্চিম বোড়াগাড়ী,24,রংপুর,ডোমার,24,রংপুর,ডোমার,24,নীলফামারী,ডোমার
73,15,বাগডোকরা,25,রংপুর,ডোমার,25,রংপুর,ডোমার,,নীলফামারী,ডোমার
73,15,নয়আনী বাগডোকরা,26,রংপুর,ডোমার,26,রংপুর,ডোমার,26,নীলফামারী,ডোমার
73,15,বারবিশা,27,রংপুর,ডোমার,27,রংপুর,ডোমার,27,নীলফামারী,ডোমার
73,15,বামুনিয়া,28,রংপুর,ডোমার,28,রংপুর,ডোমার,,নীলফামারী,ডোমার
73,15,পাংগা,29,রংপুর,ডোমার,29,রংপুর,ডোমার,,নীলফামারী,ডোমার
73,15,খামার বামুনিয়া,30,রংপুর,ডোমার,30,রংপুর,ডোমার,,নীলফামারী,ডোমার
73,15,নওদাবশ,31,রংপুর,ডোমার,31,রংপুর,ডোমার,31,নীলফামারী,ডোমার
73,15,পূর্ব বোড়াগাড়ী,32,রংপুর,ডোমার,32,রংপুর,ডোমার,,নীলফামারী,ডোমার
73,15,মেলা পাংগা,33,রংপুর,ডোমার,33,রংপুর,ডোমার,,নীলফামারী,ডোমার
73,15,মটুকপুর,34,রংপুর,ডোমার,34,রংপুর,ডোমার,,নীলফামারী,ডোমার
73,15,হরিণচড়া,35,রংপুর,ডোমার,35,রংপুর,ডোমার,,নীলফামারী,ডোমার
73,15,খানাবাড়ী,36,রংপুর,ডোমার,36,রংপুর,ডোমার,,নীলফামারী,ডোমার
73,15,সোনারায়,37,রংপুর,ডোমার,37,রংপুর,ডোমার,,নীলফামারী,ডোমার
73,15,কিসামত সোনারায়,38,রংপুর,ডোমার,38,রংপুর,ডোমার,,নীলফামারী,ডোমার
73,15,কৈগিলা,39,রংপুর,ডোমার,39,রংপুর,ডোমার,,নীলফামারী,ডোমার
73,15,দলুয়া,40,রংপুর,ডোমার,40,রংপুর,ডোমার,,নীলফামারী,ডোমার
73,15,জামিরবাড়ী,41,রংপুর,ডোমার,41,রংপুর,ডোমার,,নীলফামারী,ডোমার
73,15,বড়গাছা,42,রংপুর,ডোমার,42,রংপুর,ডোমার,,নীলফামারী,ডোমার
73,15,হরিহরা,43,রংপুর,ডোমার,43,রংপুর,ডোমার,,নীলফামারী,ডোমার
73,15,হংসরাজ,44,রংপুর,ডোমার,44,রংপুর,ডোমার,,নীলফামারী,ডোমার
73,15,শালমারা,45,রংপুর,ডোমার,45,রংপুর,ডোমার,,নীলফামারী,ডোমার
73,15,শেওটগাড়ী,46,রংপুর,ডোমার,46,রংপুর,ডোমার,,নীলফামারী,ডোমার
73,15,আঠিয়াবাড়ী,47,রংপুর,ডোমার,47,রংপুর,ডোমার,47,নীলফামারী,ডোমার
73,36,উত্তর ধর্মপাল,1,রংপুর,জলঢাকা,1,রংপুর,জলঢাকা,1,নীলফামারী,জলঢাকা
73,36,পাইটকাপাড়া ধর্মপাল,2,রংপুর,জলঢাকা,2,রংপুর,জলঢাকা,2,নীলফামারী,জলঢাকা
73,36,গড় ধর্মপাল,3,রংপুর,জলঢাকা,3,রংপুর,জলঢাকা,,নীলফামারী,জলঢাকা
73,36,খেরকাটী,4,রংপুর,জলঢাকা,4,রংপুর,জলঢাকা,,নীলফামারী,জলঢাকা
73,36,খচিমাদা,5,রংপুর,জলঢাকা,5,রংপুর,জলঢাকা,5,নীলফামারী,জলঢাকা
73,36,রশিদপুর,6,রংপুর,জলঢাকা,6,রংপুর,জলঢাকা,6,নীলফামারী,জলঢাকা
73,36,গোলনা,7,রংপুর,জলঢাকা,7,রংপুর,জলঢাকা,,নীলফামারী,জলঢাকা
73,36,চিড়াভিজা গোলনা,8,রংপুর,জলঢাকা,8,রংপুর,জলঢাকা,,নীলফামারী,জলঢাকা
73,36,খারিজা গোলনা,9,রংপুর,জলঢাকা,9,রংপুর,জলঢাকা,,নীলফামারী,জলঢাকা
73,36,কালিগঞ্জ,10,রংপুর,জলঢাকা,10,রংপুর,জলঢাকা,10,নীলফামারী,জলঢাকা
73,36,চওড়া ডাংগী,11,রংপুর,জলঢাকা,11,রংপুর,জলঢাকা,,নীলফামারী,জলঢাকা
73,36,পশ্চিম বালাগ্রাম,12,রংপুর,জলঢাকা,12,রংপুর,জলঢাকা,,নীলফামারী,জলঢাকা
73,36,পূর্ব কাঁঠালী,13,রংপুর,জলঢাকা,13,রংপুর,জলঢাকা,,নীলফামারী,জলঢাকা
73,36,শালনগ্রাম,14,রংপুর,জলঢাকা,14,রংপুর,জলঢাকা,,নীলফামারী,জলঢাকা
73,36,আরাজী দেশীবাই,15,রংপুর,জলঢাকা,15,রংপুর,জলঢাকা,,নীলফামারী,জলঢাকা
73,36,ছিট মীরগঞ্জ,16,রংপুর,জলঢাকা,16,রংপুর,জলঢাকা,,নীলফামারী,জলঢাকা
73,36,পশ্চিম কাঁঠালী,17,রংপুর,জলঢাকা,17,রংপুর,জলঢাকা,,নীলফামারী,জলঢাকা
73,36,উত্তর দেশিবাই,18,রংপুর,জলঢাকা,18,রংপুর,জলঢাকা,,নীলফামারী,জলঢাকা
73,36,পূর্ব শিমুলবাড়ী,19,রংপুর,জলঢাকা,19,রংপুর,জলঢাকা,,নীলফামারী,জলঢাকা
73,36,পশ্চিম শিমুলবাড়ী,20,রংপুর,জলঢাকা,20,রংপুর,জলঢাকা,,নীলফামারী,জলঢাকা
73,36,হাড়োয়া শিমুলবাড়ী,21,রংপুর,জলঢাকা,21,রংপুর,জলঢাকা,,নীলফামারী,জলঢাকা
73,36,শিমুলবাড়ী,22,রংপুর,জলঢাকা,22,রংপুর,জলঢাকা,,নীলফামারী,জলঢাকা
73,36,বাঁশদহ,23,রংপুর,জলঢাকা,23,রংপুর,জলঢাকা,,নীলফামারী,জলঢাকা
73,36,লক্ষীচাপ,24,রংপুর,জলঢাকা,24,রংপুর,জলঢাকা,,নীলফামারী,জলঢাকা
73,36,দারিহারা,25,রংপুর,জলঢাকা,25,রংপুর,জলঢাকা,24,নীলফামারী,জলঢাকা
73,36,কচুয়া,26,রংপুর,জলঢাকা,26,রংপুর,জলঢাকা,23,নীলফামারী,জলঢাকা
73,36,সহদেব বড়গাছা,27,রংপুর,জলঢাকা,27,রংপুর,জলঢাকা,,নীলফামারী,জলঢাকা
73,36,ককই বড়গাছা,28,রংপুর,জলঢাকা,28,রংপুর,জলঢাকা,,নীলফামারী,জলঢাকা
73,36,নৃসিংহ,29,রংপুর,জলঢাকা,29,রংপুর,জলঢাকা,,নীলফামারী,জলঢাকা
73,36,দুবাছুড়ী,30,রংপুর,জলঢাকা,30,রংপুর,জলঢাকা,,নীলফামারী,জলঢাকা
73,36,আকাশকুড়ী,31,রংপুর,জলঢাকা,31,রংপুর,জলঢাকা,,নীলফামারী,জলঢাকা
73,36,বেরুবন্দ,32,রংপুর,জলঢাকা,32,রংপুর,জলঢাকা,,নীলফামারী,জলঢাকা
73,36,আরাজী শিমুলবাড়ী,33,রংপুর,জলঢাকা,33,রংপুর,জলঢাকা,,নীলফামারী,জলঢাকা
73,36,লক্ষীমাড়াই,34,রংপুর,জলঢাকা,34,রংপুর,জলঢাকা,,নীলফামারী,জলঢাকা
73,36,রাজবাড়ী,35,রংপুর,জলঢাকা,35,রংপুর,জলঢাকা,27,নীলফামারী,জলঢাকা
73,36,পাঠানপাড়া,36,রংপুর,জলঢাকা,36,রংপুর,জলঢাকা,,নীলফামারী,জলঢাকা
73,36,নিজপাড়া,37,রংপুর,জলঢাকা,37,রংপুর,জলঢাকা,29,নীলফামারী,জলঢাকা
73,36,মীরগঞ্জ,38,রংপুর,জলঢাকা,38,রংপুর,জলঢাকা,,নীলফামারী,জলঢাকা
73,36,আরাজী পাঠানপাড়া,39,রংপুর,জলঢাকা,39,রংপুর,জলঢাকা,,নীলফামারী,জলঢাকা
73,36,কালকেওট,40,রংপুর,জলঢাকা,40,রংপুর,জলঢাকা,,নীলফামারী,জলঢাকা
73,36,ঘুঘুমাড়ী,41,রংপুর,জলঢাকা,41,রংপুর,জলঢাকা,33,নীলফামারী,জলঢাকা
73,36,হরিশচন্দ্রপাঠ,42,রংপুর,জলঢাকা,42,রংপুর,জলঢাকা,,নীলফামারী,জলঢাকা
73,36,বাওনা বাওনী,43,রংপুর,জলঢাকা,43,রংপুর,জলঢাকা,35,নীলফামারী,জলঢাকা
73,36,কিসমত বটতলা,44,রংপুর,জলঢাকা,44,রংপুর,জলঢাকা,,নীলফামারী,জলঢাকা
73,36,আরাজী কাঁঠালী,45,রংপুর,জলঢাকা,45,রংপুর,জলঢাকা,,নীলফামারী,জলঢাকা
73,36,খালিশা খুটামারা,46,রংপুর,জলঢাকা,46,রংপুর,জলঢাকা,38,নীলফামারী,জলঢাকা
73,36,দক্ষিন দেশিবাই,47,রংপুর,জলঢাকা,47,রংপুর,জলঢাকা,,নীলফামারী,জলঢাকা
73,36,বগুলাগাড়ী,48,রংপুর,জলঢাকা,48,রংপুর,জলঢাকা,,নীলফামারী,জলঢাকা
73,36,পশ্চিম খুটামারা,49,রংপুর,জলঢাকা,49,রংপুর,জলঢাকা,,নীলফামারী,জলঢাকা
73,36,পূর্ব খুটামারা,50,রংপুর,জলঢাকা,50,রংপুর,জলঢাকা,,নীলফামারী,জলঢাকা
73,36,বিন্যাকুড়ী,51,রংপুর,জলঢাকা,51,রংপুর,জলঢাকা,,নীলফামারী,জলঢাকা
73,36,চেংমারী,52,রংপুর,জলঢাকা,52,রংপুর,জলঢাকা,,নীলফামারী,জলঢাকা
73,36,কাজিরহাট,53,রংপুর,জলঢাকা,53,রংপুর,জলঢাকা,,নীলফামারী,জলঢাকা
73,36,আমরুলবাড়ী,54,রংপুর,জলঢাকা,54,রংপুর,জলঢাকা,,নীলফামারী,জলঢাকা
73,36,মাথাভাংগা,55,রংপুর,জলঢাকা,55,রংপুর,জলঢাকা,,নীলফামারী,জলঢাকা
73,36,দুন্দিবাড়ী,56,রংপুর,জলঢাকা,56,রংপুর,জলঢাকা,,নীলফামারী,জলঢাকা
73,36,জলঢাকা,57,রংপুর,জলঢাকা,57,রংপুর,জলঢাকা,,নীলফামারী,জলঢাকা
73,36,পূর্ব বালাগ্রাম,58,রংপুর,জলঢাকা,58,রংপুর,জলঢাকা,,নীলফামারী,জলঢাকা
73,36,পশ্চিম গোলমুন্ডা,59,রংপুর,জলঢাকা,59,রংপুর,জলঢাকা,,নীলফামারী,জলঢাকা
73,36,পূর্ব গোলমুন্ডা,60,রংপুর,জলঢাকা,60,রংপুর,জলঢাকা,,নীলফামারী,জলঢাকা
73,36,তিলাই,61,রংপুর,জলঢাকা,61,রংপুর,জলঢাকা,,নীলফামারী,জলঢাকা
73,36,ভাবনচুর,62,রংপুর,জলঢাকা,62,রংপুর,জলঢাকা,,নীলফামারী,জলঢাকা
73,36,হলদীবাড়ী,63,রংপুর,জলঢাকা,63,রংপুর,জলঢাকা,,নীলফামারী,জলঢাকা
73,36,ডাওয়াবাড়ী,64,রংপুর,জলঢাকা,64,রংপুর,জলঢাকা,,নীলফামারী,জলঢাকা
73,36,সিদ্ধেশ্বরী,65,রংপুর,জলঢাকা,65,রংপুর,জলঢাকা,,নীলফামারী,জলঢাকা
73,36,গোপালঝাড়,66,রংপুর,জলঢাকা,66,রংপুর,জলঢাকা,,নীলফামারী,জলঢাকা
73,36,তালুক শৌলমারী,67,রংপুর,জলঢাকা,67,রংপুর,জলঢাকা,,নীলফামারী,জলঢাকা
73,36,তালুক বদি,68,রংপুর,জলঢাকা,68,রংপুর,জলঢাকা,60,নীলফামারী,জলঢাকা
73,36,সিংড়িয়া,69,রংপুর,জলঢাকা,69,রংপুর,জলঢাকা,61,নীলফামারী,জলঢাকা
73,36,নেকবক্ত,70,রংপুর,জলঢাকা,70,রংপুর,জলঢাকা,,নীলফামারী,জলঢাকা
73,36,সতীঘাট,71,রংপুর,জলঢাকা,71,রংপুর,জলঢাকা,,নীলফামারী,জলঢাকা
73,36,চেরেংগা,72,রংপুর,জলঢাকা,72,রংপুর,জলঢাকা,,নীলফামারী,জলঢাকা
73,36,গাবরোল,73,রংপুর,জলঢাকা,73,রংপুর,জলঢাকা,,নীলফামারী,জলঢাকা
73,36,বালাপাড়া,74,রংপুর,জলঢাকা,74,রংপুর,জলঢাকা,,নীলফামারী,জলঢাকা
73,36,কৈমারী,75,রংপুর,জলঢাকা,75,রংপুর,জলঢাকা,,নীলফামারী,জলঢাকা
73,36,ছিড়াবদী,76,রংপুর,জলঢাকা,76,রংপুর,জলঢাকা,,নীলফামারী,জলঢাকা
73,36,শৌলমারী,77,রংপুর,জলঢাকা,77,রংপুর,জলঢাকা,,নীলফামারী,জলঢাকা
73,45,পোড়াকোট,1,রংপুর,কিশোরগঞ্জ,1,রংপুর,কিশোরগঞ্জ,1,নীলফামারী,কিশোরগঞ্জ
73,45,ধাইজান,2,রংপুর,কিশোরগঞ্জ,2,রংপুর,কিশোরগঞ্জ,,নীলফামারী,কিশোরগঞ্জ
73,45,কালিকাপুর,3,রংপুর,কিশোরগঞ্জ,3,রংপুর,কিশোরগঞ্জ,,নীলফামারী,কিশোরগঞ্জ
73,45,কচুকাটা,4,রংপুর,কিশোরগঞ্জ,4,রংপুর,কিশোরগঞ্জ,,নীলফামারী,কিশোরগঞ্জ
73,45,ভেড়ভেড়ী,5,রংপুর,কিশোরগঞ্জ,5,রংপুর,কিশোরগঞ্জ,,নীলফামারী,কিশোরগঞ্জ
73,45,কিসামত ধাইজান,6,রংপুর,কিশোরগঞ্জ,6,রংপুর,কিশোরগঞ্জ,,নীলফামারী,কিশোরগঞ্জ
73,45,উত্তর বড়ভিটা,7,রংপুর,কিশোরগঞ্জ,7,রংপুর,কিশোরগঞ্জ,,নীলফামারী,কিশোরগঞ্জ
73,45,দক্ষিন বড়ভিটা,8,রংপুর,কিশোরগঞ্জ,8,রংপুর,কিশোরগঞ্জ,,নীলফামারী,কিশোরগঞ্জ
73,45,বড় ডুমুড়িয়া,9,রংপুর,কিশোরগঞ্জ,9,রংপুর,কিশোরগঞ্জ,9,নীলফামারী,কিশোরগঞ্জ
73,45,বাজে ডুমুরিয়া,10,রংপুর,কিশোরগঞ্জ,10,রংপুর,কিশোরগঞ্জ,,নীলফামারী,কিশোরগঞ্জ
73,45,কেশবা,11,রংপুর,কিশোরগঞ্জ,11,রংপুর,কিশোরগঞ্জ,,নীলফামারী,কিশোরগঞ্জ
73,45,পুটিমারী,12,রংপুর,কিশোরগঞ্জ,12,রংপুর,কিশোরগঞ্জ,,নীলফামারী,কিশোরগঞ্জ
73,45,মন্থনা,13,রংপুর,কিশোরগঞ্জ,13,রংপুর,কিশোরগঞ্জ,13,নীলফামারী,কিশোরগঞ্জ
73,45,পানিয়াল পুকুর,14,রংপুর,কিশোরগঞ্জ,14,রংপুর,কিশোরগঞ্জ,,নীলফামারী,কিশোরগঞ্জ
73,45,মুসরত পানিয়াল পুকুর,15,রংপুর,কিশোরগঞ্জ,15,রংপুর,কিশোরগঞ্জ,,নীলফামারী,কিশোরগঞ্জ
73,45,নিতাই,16,রংপুর,কিশোরগঞ্জ,16,রংপুর,কিশোরগঞ্জ,,নীলফামারী,কিশোরগঞ্জ
73,45,বাড়ী মধুপুর,17,রংপুর,কিশোরগঞ্জ,17,রংপুর,কিশোরগঞ্জ,,নীলফামারী,কিশোরগঞ্জ
73,45,দক্ষিন দুরাকুঠী,18,রংপুর,কিশোরগঞ্জ,18,রংপুর,কিশোরগঞ্জ,,নীলফামারী,কিশোরগঞ্জ
73,45,নয়ানখাল,19,রংপুর,কিশোরগঞ্জ,19,রংপুর,কিশোরগঞ্জ,19,নীলফামারী,কিশোরগঞ্জ
73,45,উত্তর বাহাগিলী,20,রংপুর,কিশোরগঞ্জ,20,রংপুর,কিশোরগঞ্জ,,নীলফামারী,কিশোরগঞ্জ
73,45,দক্ষিন বাহাগিলী,21,রংপুর,কিশোরগঞ্জ,21,রংপুর,কিশোরগঞ্জ,,নীলফামারী,কিশোরগঞ্জ
73,45,কাটগাড়ী,22,রংপুর,কিশোরগঞ্জ,22,রংপুর,কিশোরগঞ্জ,,নীলফামারী,কিশোরগঞ্জ
73,45,বগুলাগাড়ী,23,রংপুর,কিশোরগঞ্জ,23,রংপুর,কিশোরগঞ্জ,,নীলফামারী,কিশোরগঞ্জ
73,45,দক্ষিন চাঁদখানা,24,রংপুর,কিশোরগঞ্জ,24,রংপুর,কিশোরগঞ্জ,,নীলফামারী,কিশোরগঞ্জ
73,45,দক্ষিন সিঙ্গেরগাড়ী,25,রংপুর,কিশোরগঞ্জ,25,রংপুর,কিশোরগঞ্জ,,নীলফামারী,কিশোরগঞ্জ
73,45,উত্তর চাঁদখানা,26,রংপুর,কিশোরগঞ্জ,26,রংপুর,কিশোরগঞ্জ,,নীলফামারী,কিশোরগঞ্জ
73,45,ডোংগা,27,রংপুর,কিশোরগঞ্জ,27,রংপুর,কিশোরগঞ্জ,,নীলফামারী,কিশোরগঞ্জ
73,45,সরঞ্জাবাড়ী,28,রংপুর,কিশোরগঞ্জ,28,রংপুর,কিশোরগঞ্জ,,নীলফামারী,কিশোরগঞ্জ
73,45,উত্তর দুরাকুঠী,29,রংপুর,কিশোরগঞ্জ,29,রংপুর,কিশোরগঞ্জ,,নীলফামারী,কিশোরগঞ্জ
73,45,ইসমাইল,30,রংপুর,কিশোরগঞ্জ,30,রংপুর,কিশোরগঞ্জ,,নীলফামারী,কিশোরগঞ্জ
73,45,কিশোরগঞ্জ,31,রংপুর,কিশোরগঞ্জ,31,রংপুর,কিশোরগঞ্জ,,নীলফামারী,কিশোরগঞ্জ
73,45,গদা,32,রংপুর,কিশোরগঞ্জ,32,রংপুর,কিশোরগঞ্জ,,নীলফামারী,কিশোরগঞ্জ
73,45,রাজিব,33,রংপুর,কিশোরগঞ্জ,33,রংপুর,কিশোরগঞ্জ,,নীলফামারী,কিশোরগঞ্জ
73,45,মুসা,34,রংপুর,কিশোরগঞ্জ,34,রংপুর,কিশোরগঞ্জ,,নীলফামারী,কিশোরগঞ্জ
73,45,পুষনা,35,রংপুর,কিশোরগঞ্জ,35,রংপুর,কিশোরগঞ্জ,,নীলফামারী,কিশোরগঞ্জ
73,45,উত্তর সিঙ্গেরগাড়ী,36,রংপুর,কিশোরগঞ্জ,36,রংপুর,কিশোরগঞ্জ,,নীলফামারী,কিশোরগঞ্জ
73,45,মাগুড়া,37,রংপুর,কিশোরগঞ্জ,37,রংপুর,কিশোরগঞ্জ,,নীলফামারী,কিশোরগঞ্জ
73,45,আরাজী চাঁদখানা,38,রংপুর,কিশোরগঞ্জ,38,রংপুর,কিশোরগঞ্জ,,নীলফামারী,কিশোরগঞ্জ
73,45,গাড়াগ্রাম,39,রংপুর,কিশোরগঞ্জ,39,রংপুর,কিশোরগঞ্জ,,নীলফামারী,কিশোরগঞ্জ
73,45,সোনাকুড়ী,40,রংপুর,কিশোরগঞ্জ,40,রংপুর,কিশোরগঞ্জ,,নীলফামারী,কিশোরগঞ্জ
73,45,রণচন্ডী,41,রংপুর,কিশোরগঞ্জ,41,রংপুর,কিশোরগঞ্জ,,নীলফামারী,কিশোরগঞ্জ
73,45,মেলাবর,42,রংপুর,কিশোরগঞ্জ,42,রংপুর,কিশোরগঞ্জ,,নীলফামারী,কিশোরগঞ্জ
73,45,কুঠীপাড়া,43,রংপুর,কিশোরগঞ্জ,43,রংপুর,কিশোরগঞ্জ,,নীলফামারী,কিশোরগঞ্জ
73,45,বাফলা,44,রংপুর,কিশোরগঞ্জ,44,রংপুর,কিশোরগঞ্জ,44,নীলফামারী,কিশোরগঞ্জ
73,45,কিসামত বীরচরণ,45,রংপুর,কিশোরগঞ্জ,45,রংপুর,কিশোরগঞ্জ,,নীলফামারী,কিশোরগঞ্জ
73,45,বদি,46,রংপুর,কিশোরগঞ্জ,46,রংপুর,কিশোরগঞ্জ,,নীলফামারী,কিশোরগঞ্জ
73,45,পূর্ব দলিরাম,50,রংপুর,কিশোরগঞ্জ,50,রংপুর,কিশোরগঞ্জ,,নীলফামারী,কিশোরগঞ্জ
73,45,গনেশ,51,রংপুর,কিশোরগঞ্জ,51,রংপুর,কিশোরগঞ্জ,51,নীলফামারী,কিশোরগঞ্জ
73,45,পশ্চিম দলিরাম,52,রংপুর,কিশোরগঞ্জ,52,রংপুর,কিশোরগঞ্জ,,নীলফামারী,কিশোরগঞ্জ
73,45,সয়রাগন্ধা,53,রংপুর,কিশোরগঞ্জ,53,রংপুর,কিশোরগঞ্জ,,নীলফামারী,কিশোরগঞ্জ
73,64,কিসমত দলুয়া,1,রংপুর,নীলফামারী সদর,1,রংপুর,নীলফামারী সদর,1,নীলফামারী,নীলফামারী সদর
73,64,আরাজী দলুয়া,2,রংপুর,নীলফামারী সদর,2,রংপুর,নীলফামারী সদর,,নীলফামারী,নীলফামারী সদর
73,64,ধোবাডাংগা,3,রংপুর,নীলফামারী সদর,3,রংপুর,নীলফামারী সদর,3,নীলফামারী,নীলফামারী সদর
73,64,নগর ভবানীগঞ্জ,4,রংপুর,নীলফামারী সদর,4,রংপুর,নীলফামারী সদর,4,নীলফামারী,নীলফামারী সদর
73,64,গোড়গ্রাম,5,রংপুর,নীলফামারী সদর,5,রংপুর,নীলফামারী সদর,,নীলফামারী,নীলফামারী সদর
73,64,কিসমত উত্তর গোড়গ্রাম,6,রংপুর,নীলফামারী সদর,6,রংপুর,নীলফামারী সদর,,নীলফামারী,নীলফামারী সদর
73,64,কুকুরা ডাংগা,7,রংপুর,নীলফামারী সদর,7,রংপুর,নীলফামারী সদর,7,নীলফামারী,নীলফামারী সদর
73,64,কিসমত দক্ষিন গোড়গ্রাম,8,রংপুর,নীলফামারী সদর,8,রংপুর,নীলফামারী সদর,8,নীলফামারী,নীলফামারী সদর
73,64,দুকুড়ী,9,রংপুর,নীলফামারী সদর,9,রংপুর,নীলফামারী সদর,,নীলফামারী,নীলফামারী সদর
73,64,দক্ষিন পাড়া,10,রংপুর,নীলফামারী সদর,10,রংপুর,নীলফামারী সদর,10,নীলফামারী,নীলফামারী সদর
73,64,মুসরত গোড়গ্রাম,11,রংপুর,নীলফামারী সদর,11,রংপুর,নীলফামারী সদর,,নীলফামারী,নীলফামারী সদর
73,64,রামকলা,12,রংপুর,নীলফামারী সদর,12,রংপুর,নীলফামারী সদর,12,নীলফামারী,নীলফামারী সদর
73,64,কির্ত্তনিয়া পাড়া,13,রংপুর,নীলফামারী সদর,13,রংপুর,নীলফামারী সদর,13,নীলফামারী,নীলফামারী সদর
73,64,কাঞ্চনপাড়া,14,রংপুর,নীলফামারী সদর,14,রংপুর,নীলফামারী সদর,,নীলফামারী,নীলফামারী সদর
73,64,উত্তর চওড়া বড়গাছা,15,রংপুর,নীলফামারী সদর,15,রংপুর,নীলফামারী সদর,,নীলফামারী,নীলফামারী সদর
73,64,দক্ষিন চওড়া বড়গাছা,16,রংপুর,নীলফামারী সদর,16,রংপুর,নীলফামারী সদর,,নীলফামারী,নীলফামারী সদর
73,64,তরনীবাড়ী,17,রংপুর,নীলফামারী সদর,17,রংপুর,নীলফামারী সদর,,নীলফামারী,নীলফামারী সদর
73,64,পলাশবাড়ী,18,রংপুর,নীলফামারী সদর,18,রংপুর,নীলফামারী সদর,,নীলফামারী,নীলফামারী সদর
73,64,সুখধন,19,রংপুর,নীলফামারী সদর,19,রংপুর,নীলফামারী সদর,19,নীলফামারী,নীলফামারী সদর
73,64,দাউদ,20,রংপুর,নীলফামারী সদর,20,রংপুর,নীলফামারী সদর,,নীলফামারী,নীলফামারী সদর
73,64,টুপামারী,21,রংপুর,নীলফামারী সদর,21,রংপুর,নীলফামারী সদর,,নীলফামারী,নীলফামারী সদর
73,64,দোগাছী,22,রংপুর,নীলফামারী সদর,22,রংপুর,নীলফামারী সদর,,নীলফামারী,নীলফামারী সদর
73,64,কিসমত দোগাছী,23,রংপুর,নীলফামারী সদর,23,রংপুর,নীলফামারী সদর,,নীলফামারী,নীলফামারী সদর
73,64,নীলফামারী,24,রংপুর,নীলফামারী সদর,24,রংপুর,নীলফামারী সদর,,নীলফামারী,নীলফামারী সদর
73,64,আরাজী ইটাখোলা,25,রংপুর,নীলফামারী সদর,25,রংপুর,নীলফামারী সদর,,নীলফামারী,নীলফামারী সদর
73,64,কানাইকাটা জ্ঞানদাস,26,রংপুর,নীলফামারী সদর,26,রংপুর,নীলফামারী সদর,,নীলফামারী,নীলফামারী সদর
73,64,কিসমত ভুটিয়ান,27,রংপুর,নীলফামারী সদর,27,রংপুর,নীলফামারী সদর,,নীলফামারী,নীলফামারী সদর
73,64,খলিসাপচা,28,রংপুর,নীলফামারী সদর,28,রংপুর,নীলফামারী সদর,,নীলফামারী,নীলফামারী সদর
73,64,ভাবনকুড়ি,29,রংপুর,নীলফামারী সদর,29,রংপুর,নীলফামারী সদর,36,নীলফামারী,নীলফামারী সদর
73,64,কিসমত কানাইকাটা,30,রংপুর,নীলফামারী সদর,30,রংপুর,নীলফামারী সদর,,নীলফামারী,নীলফামারী সদর
73,64,বামনডাংগা,31,রংপুর,নীলফামারী সদর,31,রংপুর,নীলফামারী সদর,,নীলফামারী,নীলফামারী সদর
73,64,খোকসাবাড়ী,32,রংপুর,নীলফামারী সদর,32,রংপুর,নীলফামারী সদর,,নীলফামারী,নীলফামারী সদর
73,64,পাটকামড়ী,33,রংপুর,নীলফামারী সদর,33,রংপুর,নীলফামারী সদর,,নীলফামারী,নীলফামারী সদর
73,64,আরাজী রামকলা,34,রংপুর,নীলফামারী সদর,34,রংপুর,নীলফামারী সদর,,নীলফামারী,নীলফামারী সদর
73,64,হাড়োয়া,35,রংপুর,নীলফামারী সদর,35,রংপুর,নীলফামারী সদর,,নীলফামারী,নীলফামারী সদর
73,64,গোবিন্দপুর,36,রংপুর,নীলফামারী সদর,36,রংপুর,নীলফামারী সদর,,নীলফামারী,নীলফামারী সদর
73,64,নীলফামারী বাজার,37,রংপুর,নীলফামারী সদর,37,রংপুর,নীলফামারী সদর,,নীলফামারী,নীলফামারী সদর
73,64,ইটাখোলা,38,রংপুর,নীলফামারী সদর,38,রংপুর,নীলফামারী সদর,,নীলফামারী,নীলফামারী সদর
73,64,দলুয়া দোগাছী,39,রংপুর,নীলফামারী সদর,39,রংপুর,নীলফামারী সদর,,নীলফামারী,নীলফামারী সদর
73,64,রামনগর,40,রংপুর,নীলফামারী সদর,40,রংপুর,নীলফামারী সদর,,নীলফামারী,নীলফামারী সদর
73,64,টেংনারগড়,41,রংপুর,নীলফামারী সদর,41,রংপুর,নীলফামারী সদর,,নীলফামারী,নীলফামারী সদর
73,64,নিত্যানন্দী,42,রংপুর,নীলফামারী সদর,42,রংপুর,নীলফামারী সদর,,নীলফামারী,নীলফামারী সদর
73,64,চড়চড়াবাড়ী,43,রংপুর,নীলফামারী সদর,43,রংপুর,নীলফামারী সদর,51,নীলফামারী,নীলফামারী সদর
73,64,বাহালীপাড়া,44,রংপুর,নীলফামারী সদর,44,রংপুর,নীলফামারী সদর,,নীলফামারী,নীলফামারী সদর
73,64,দুহুলী,45,রংপুর,নীলফামারী সদর,45,রংপুর,নীলফামারী সদর,,নীলফামারী,নীলফামারী সদর
73,64,দোনদরী,46,রংপুর,নীলফামারী সদর,46,রংপুর,নীলফামারী সদর,,নীলফামারী,নীলফামারী সদর
73,64,কচুকাটা,47,রংপুর,নীলফামারী সদর,47,রংপুর,নীলফামারী সদর,55,নীলফামারী,নীলফামারী সদর
73,64,আরাজী মানুষমারা,48,রংপুর,নীলফামারী সদর,48,রংপুর,নীলফামারী সদর,,নীলফামারী,নীলফামারী সদর
73,64,তালুক মানুষমারা,49,রংপুর,নীলফামারী সদর,49,রংপুর,নীলফামারী সদর,,নীলফামারী,নীলফামারী সদর
73,64,মহব্বত বাজিতপাড়া,50,রংপুর,নীলফামারী সদর,50,রংপুর,নীলফামারী সদর,,নীলফামারী,নীলফামারী সদর
73,64,পচাপুকুর,51,রংপুর,নীলফামারী সদর,51,রংপুর,নীলফামারী সদর,,নীলফামারী,নীলফামারী সদর
73,64,কিসমত পচাপুকুর,52,রংপুর,নীলফামারী সদর,52,রংপুর,নীলফামারী সদর,,নীলফামারী,নীলফামারী সদর
73,64,উত্তরাশশী,53,রংপুর,নীলফামারী সদর,53,রংপুর,নীলফামারী সদর,,নীলফামারী,নীলফামারী সদর
73,64,বিষমুড়ি,54,রংপুর,নীলফামারী সদর,54,রংপুর,নীলফামারী সদর,,নীলফামারী,নীলফামারী সদর
73,64,শ্রীনাথ,55,রংপুর,নীলফামারী সদর,55,রংপুর,নীলফামারী সদর,63,নীলফামারী,নীলফামারী সদর
73,64,সিংদই,56,রংপুর,নীলফামারী সদর,56,রংপুর,নীলফামারী সদর,,নীলফামারী,নীলফামারী সদর
73,64,কানিয়ালখাতা,57,রংপুর,নীলফামারী সদর,57,রংপুর,নীলফামারী সদর,,নীলফামারী,নীলফামারী সদর
73,64,নীলফামারী টাউন,58,রংপুর,নীলফামারী সদর,58,রংপুর,নীলফামারী সদর,,নীলফামারী,নীলফামারী সদর
73,64,ছিট ইটাখোলা,59,রংপুর,নীলফামারী সদর,59,রংপুর,নীলফামারী সদর,,নীলফামারী,নীলফামারী সদর
73,64,আরাজী কানিয়ালখাতা,60,রংপুর,নীলফামারী সদর,60,রংপুর,নীলফামারী সদর,,নীলফামারী,নীলফামারী সদর
73,64,কুখাপাড়া,61,রংপুর,নীলফামারী সদর,61,রংপুর,নীলফামারী সদর,,নীলফামারী,নীলফামারী সদর
73,64,হরিবল্লভ,62,রংপুর,নীলফামারী সদর,62,রংপুর,নীলফামারী সদর,66,নীলফামারী,নীলফামারী সদর
73,64,সুটিপাড়া,63,রংপুর,নীলফামারী সদর,63,রংপুর,নীলফামারী সদর,,নীলফামারী,নীলফামারী সদর
73,64,গুড়গুড়ি,64,রংপুর,নীলফামারী সদর,64,রংপুর,নীলফামারী সদর,72,নীলফামারী,নীলফামারী সদর
73,64,কুন্দপুকুর,65,রংপুর,নীলফামারী সদর,65,রংপুর,নীলফামারী সদর,,নীলফামারী,নীলফামারী সদর
73,64,উত্তর বালাপাড়া,66,রংপুর,নীলফামারী সদর,66,রংপুর,নীলফামারী সদর,,নীলফামারী,নীলফামারী সদর
73,64,আঙ্গারপাড়া,67,রংপুর,নীলফামারী সদর,67,রংপুর,নীলফামারী সদর,,নীলফামারী,নীলফামারী সদর
73,64,শালহাটি,68,রংপুর,নীলফামারী সদর,68,রংপুর,নীলফামারী সদর,,নীলফামারী,নীলফামারী সদর
73,64,সোনারায়,69,রংপুর,নীলফামারী সদর,69,রংপুর,নীলফামারী সদর,,নীলফামারী,নীলফামারী সদর
73,64,চকদুবলিয়া,70,রংপুর,নীলফামারী সদর,70,রংপুর,নীলফামারী সদর,,নীলফামারী,নীলফামারী সদর
73,64,বেড়াকুঠি,71,রংপুর,নীলফামারী সদর,71,রংপুর,নীলফামারী সদর,,নীলফামারী,নীলফামারী সদর
73,64,দিঘলডাংগী,72,রংপুর,নীলফামারী সদর,72,রংপুর,নীলফামারী সদর,81,নীলফামারী,নীলফামারী সদর
73,64,সুবর্ণ খুলী,73,রংপুর,নীলফামারী সদর,73,রংপুর,নীলফামারী সদর,82,নীলফামারী,নীলফামারী সদর
73,64,কাদিকোল,74,রংপুর,নীলফামারী সদর,74,রংপুর,নীলফামারী সদর,,নীলফামারী,নীলফামারী সদর
73,64,ছোট সংগলসী,75,রংপুর,নীলফামারী সদর,75,রংপুর,নীলফামারী সদর,84,নীলফামারী,নীলফামারী সদর
73,64,দক্ষিন বালাপাড়া,76,রংপুর,নীলফামারী সদর,76,রংপুর,নীলফামারী সদর,85,নীলফামারী,নীলফামারী সদর
73,64,মুসরত কুখাপাড়া,77,রংপুর,নীলফামারী সদর,77,রংপুর,নীলফামারী সদর,,নীলফামারী,নীলফামারী সদর
73,64,উলটপাড়া,78,রংপুর,নীলফামারী সদর,78,রংপুর,নীলফামারী সদর,87,নীলফামারী,নীলফামারী সদর
73,64,আরাজী কুখাপাড়া,79,রংপুর,নীলফামারী সদর,79,রংপুর,নীলফামারী সদর,,নীলফামারী,নীলফামারী সদর
73,64,জয়চন্ডী,80,রংপুর,নীলফামারী সদর,80,রংপুর,নীলফামারী সদর,80,নীলফামারী,নীলফামারী সদর
73,64,উত্তর মুসরত কুখাপাড়া,81,রংপুর,নীলফামারী সদর,81,রংপুর,নীলফামারী সদর,89,নীলফামারী,নীলফামারী সদর
73,64,পশ্চিম আরাজি চড়াইখোলা,82,রংপুর,নীলফামারী সদর,82,রংপুর,নীলফামারী সদর,90,নীলফামারী,নীলফামারী সদর
73,64,জয়চন্ডী স্বরুপপাড়া,83,রংপুর,নীলফামারী সদর,83,রংপুর,নীলফামারী সদর,91,নীলফামারী,নীলফামারী সদর
73,64,গের্দ্দ জয়চন্ডী,84,রংপুর,নীলফামারী সদর,84,রংপুর,নীলফামারী সদর,92,নীলফামারী,নীলফামারী সদর
73,64,তিলাই জয়চন্ডী,85,রংপুর,নীলফামারী সদর,85,রংপুর,নীলফামারী সদর,,নীলফামারী,নীলফামারী সদর
73,64,উত্তর আরাজী চড়াইখোলা,86,রংপুর,নীলফামারী সদর,86,রংপুর,নীলফামারী সদর,,নীলফামারী,নীলফামারী সদর
73,64,দরওয়ানী,87,রংপুর,নীলফামারী সদর,87,রংপুর,নীলফামারী সদর,,নীলফামারী,নীলফামারী সদর
73,64,পশ্চিম কুচিয়ামোড়,88,রংপুর,নীলফামারী সদর,88,রংপুর,নীলফামারী সদর,,নীলফামারী,নীলফামারী সদর
73,64,বেংমারী,89,রংপুর,নীলফামারী সদর,89,রংপুর,নীলফামারী সদর,,নীলফামারী,নীলফামারী সদর
73,64,বড় সংগলসী,90,রংপুর,নীলফামারী সদর,90,রংপুর,নীলফামারী সদর,,নীলফামারী,নীলফামারী সদর
73,64,বড় এলংমারী,91,রংপুর,নীলফামারী সদর,91,রংপুর,নীলফামারী সদর,,নীলফামারী,নীলফামারী সদর
73,64,ছোট এলংমারী,92,রংপুর,নীলফামারী সদর,92,রংপুর,নীলফামারী সদর,,নীলফামারী,নীলফামারী সদর
73,64,চড়াইখোলা,93,রংপুর,নীলফামারী সদর,93,রংপুর,নীলফামারী সদর,,নীলফামারী,নীলফামারী সদর
73,64,কিসমত চড়াইখোলা,94,রংপুর,নীলফামারী সদর,94,রংপুর,নীলফামারী সদর,,নীলফামারী,নীলফামারী সদর
73,64,আরাজী চড়াইখোলা,95,রংপুর,নীলফামারী সদর,95,রংপুর,নীলফামারী সদর,,নীলফামারী,নীলফামারী সদর
73,64,আরাজী কুচিয়ামোড়,96,রংপুর,নীলফামারী সদর,96,রংপুর,নীলফামারী সদর,,নীলফামারী,নীলফামারী সদর
73,64,বাবরীঝাড়,97,রংপুর,নীলফামারী সদর,97,রংপুর,নীলফামারী সদর,,নীলফামারী,নীলফামারী সদর
73,64,নতিব চাপড়া,98,রংপুর,নীলফামারী সদর,98,রংপুর,নীলফামারী সদর,,নীলফামারী,নীলফামারী সদর
73,64,বেড়াডাংগা,99,রংপুর,নীলফামারী সদর,99,রংপুর,নীলফামারী সদর,,নীলফামারী,নীলফামারী সদর
73,64,বড়ুয়া,100,রংপুর,নীলফামারী সদর,100,রংপুর,নীলফামারী সদর,,নীলফামারী,নীলফামারী সদর
73,64,সরমঞ্জানী চাপড়া,101,রংপুর,নীলফামারী সদর,101,রংপুর,নীলফামারী সদর,,নীলফামারী,নীলফামারী সদর
73,85,বড়দহ,1,রংপুর,সৈয়দপুর,1,রংপুর,সৈয়দপুর,1,নীলফামারী,সৈয়দপুর
73,85,খোর্দ্দ বোতলাগাড়ী,2,রংপুর,সৈয়দপুর,2,রংপুর,সৈয়দপুর,2,নীলফামারী,সৈয়দপুর
73,85,কিসামত কাদিকোল,3,রংপুর,সৈয়দপুর,3,রংপুর,সৈয়দপুর,3,নীলফামারী,সৈয়দপুর
73,85,বোতলাগাড়ী,4,রংপুর,সৈয়দপুর,4,রংপুর,সৈয়দপুর,,নীলফামারী,সৈয়দপুর
73,85,শ্বাষকান্দ,5,রংপুর,সৈয়দপুর,5,রংপুর,সৈয়দপুর,5,নীলফামারী,সৈয়দপুর
73,85,কুন্দল,6,রংপুর,সৈয়দপুর,6,রংপুর,সৈয়দপুর,6,নীলফামারী,সৈয়দপুর
73,85,কয়া,7,রংপুর,সৈয়দপুর,7,রংপুর,সৈয়দপুর,,নীলফামারী,সৈয়দপুর
73,85,সোনাখুলী,8,রংপুর,সৈয়দপুর,8,রংপুর,সৈয়দপুর,,নীলফামারী,সৈয়দপুর
73,85,পশ্চিম বেলপুকুর,9,রংপুর,সৈয়দপুর,9,রংপুর,সৈয়দপুর,9,নীলফামারী,সৈয়দপুর
73,85,দিগশো,10,রংপুর,সৈয়দপুর,10,রংপুর,সৈয়দপুর,10,নীলফামারী,সৈয়দপুর
73,85,কুমারগাড়ী,11,রংপুর,সৈয়দপুর,11,রংপুর,সৈয়দপুর,11,নীলফামারী,সৈয়দপুর
73,85,চওড়া,12,রংপুর,সৈয়দপুর,12,রংপুর,সৈয়দপুর,12,নীলফামারী,সৈয়দপুর
73,85,কিসামত চওড়া,13,রংপুর,সৈয়দপুর,13,রংপুর,সৈয়দপুর,,নীলফামারী,সৈয়দপুর
73,85,কিসামত ডাংগী,14,রংপুর,সৈয়দপুর,14,রংপুর,সৈয়দপুর,14,নীলফামারী,সৈয়দপুর
73,85,কাশিরাম বেলপুকুর,15,রংপুর,সৈয়দপুর,15,রংপুর,সৈয়দপুর,15,নীলফামারী,সৈয়দপুর
73,85,খালিসা বেলপুকুর,16,রংপুর,সৈয়দপুর,16,রংপুর,সৈয়দপুর,16,নীলফামারী,সৈয়দপুর
73,85,খাতা মধুপুর,17,রংপুর,সৈয়দপুর,17,রংপুর,সৈয়দপুর,,নীলফামারী,সৈয়দপুর
73,85,আরাজী খাতামধুপুর,18,রংপুর,সৈয়দপুর,18,রংপুর,সৈয়দপুর,18,নীলফামারী,সৈয়দপুর
73,85,খালিশা ধুলিয়া,19,রংপুর,সৈয়দপুর,19,রংপুর,সৈয়দপুর,19,নীলফামারী,সৈয়দপুর
73,85,মুসরত ধুলিয়া,20,রংপুর,সৈয়দপুর,20,রংপুর,সৈয়দপুর,20,নীলফামারী,সৈয়দপুর
73,85,ছইল,21,রংপুর,সৈয়দপুর,21,রংপুর,সৈয়দপুর,21,নীলফামারী,সৈয়দপুর
73,85,আরাজী কিসামত চওড়া,22,রংপুর,সৈয়দপুর,22,রংপুর,সৈয়দপুর,22,নীলফামারী,সৈয়দপুর
73,85,আরাজী খালিসা ধুলিয়া,23,রংপুর,সৈয়দপুর,23,রংপুর,সৈয়দপুর,,নীলফামারী,সৈয়দপুর
73,85,পূর্ব বেলপুকুর,24,রংপুর,সৈয়দপুর,24,রংপুর,সৈয়দপুর,,নীলফামারী,সৈয়দপুর
73,85,ধোপঘাট,25,রংপুর,সৈয়দপুর,25,রংপুর,সৈয়দপুর,25,নীলফামারী,সৈয়দপুর
73,85,অসুরখাই,26,রংপুর,সৈয়দপুর,26,রংপুর,সৈয়দপুর,26,নীলফামারী,সৈয়দপুর
73,85,নিজবাড়ী,27,রংপুর,সৈয়দপুর,27,রংপুর,সৈয়দপুর,27,নীলফামারী,সৈয়দপুর
73,85,কুজিপুকুর,28,রংপুর,সৈয়দপুর,28,রংপুর,সৈয়দপুর,28,নীলফামারী,সৈয়দপুর
73,85,আইসঢাল,29,রংপুর,সৈয়দপুর,29,রংপুর,সৈয়দপুর,29,নীলফামারী,সৈয়দপুর
73,85,দলুয়া,30,রংপুর,সৈয়দপুর,30,রংপুর,সৈয়দপুর,30,নীলফামারী,সৈয়দপুর
73,85,কামারপুকুর,31,রংপুর,সৈয়দপুর,31,রংপুর,সৈয়দপুর,31,নীলফামারী,সৈয়দপুর
73,85,কিসামত কামারপুকুর,32,রংপুর,সৈয়দপুর,32,রংপুর,সৈয়দপুর,32,নীলফামারী,সৈয়দপুর
73,85,ব্রম্মোত্তর,33,রংপুর,সৈয়দপুর,33,রংপুর,সৈয়দপুর,36,নীলফামারী,সৈয়দপুর
73,85,বাগডোকরা,34,রংপুর,সৈয়দপুর,34,রংপুর,সৈয়দপুর,34,নীলফামারী,সৈয়দপুর
73,85,ধলাগাছ,35,রংপুর,সৈয়দপুর,35,রংপুর,সৈয়দপুর,35,নীলফামারী,সৈয়দপুর
73,85,নিয়ামতপুর,36,রংপুর,সৈয়দপুর,36,রংপুর,সৈয়দপুর,,নীলফামারী,সৈয়দপুর
73,85,সৈয়দপুর,37,রংপুর,সৈয়দপুর,37,রংপুর,সৈয়দপুর,,নীলফামারী,সৈয়দপুর
73,85,বাংগালীপুর,38,রংপুর,সৈয়দপুর,38,রংপুর,সৈয়দপুর,38,নীলফামারী,সৈয়দপুর
73,85,লক্ষনপুর পশ্চিমপাড়া,39,রংপুর,সৈয়দপুর,39,রংপুর,সৈয়দপুর,,নীলফামারী,সৈয়দপুর
73,85,বাড়াইশালপাড়া,40,রংপুর,সৈয়দপুর,40,রংপুর,সৈয়দপুর,40,নীলফামারী,সৈয়দপুর
73,85,লক্ষনপুর চড়কপাড়া,41,রংপুর,সৈয়দপুর,41,রংপুর,সৈয়দপুর,41,নীলফামারী,সৈয়দপুর
73,85,লক্ষনপুর বালাপাড়া,42,রংপুর,সৈয়দপুর,42,রংপুর,সৈয়দপুর,42,নীলফামারী,সৈয়দপুর