Zilla Code,Upazila Name,Upazila Name
73,ডিম্‌লা,12
73,ডিম্‌লা,12
73,ডিম্‌লা,12
73,ডিম্‌লা,12
73,ডিম্‌লা,12
73,ডিম্‌লা,12
73,ডিম্‌লা,12
73,ডিম্‌লা,12
73,ডিম্‌লা,12
73,ডিম্‌লা,12
73,ডিম্‌লা,12
73,ডিম্‌লা,12
73,ডিম্‌লা,12
73,ডিম্‌লা,12
73,ডিম্‌লা,12
73,ডিম্‌লা,12
73,ডিম্‌লা,12
73,ডিম্‌লা,12
73,ডিম্‌লা,12
73,ডিম্‌লা,12
73,ডিম্‌লা,12
73,ডিম্‌লা,12
73,ডিম্‌লা,12
73,ডিম্‌লা,12
73,ডিম্‌লা,12
73,ডিম্‌লা,12
73,ডোমার,15
73,ডোমার,15
73,ডোমার,15
73,ডোমার,15
73,ডোমার,15
73,ডোমার,15
73,ডোমার,15
73,ডোমার,15
73,ডোমার,15
73,ডোমার,15
73,ডোমার,15
73,ডোমার,15
73,ডোমার,15
73,ডোমার,15
73,ডোমার,15
73,ডোমার,15
73,ডোমার,15
73,ডোমার,15
73,ডোমার,15
73,ডোমার,15
73,জলঢাকা ,36
73,জলঢাকা ,36
73,জলঢাকা ,36
73,জলঢাকা ,36
73,জলঢাকা ,36
73,জলঢাকা ,36
73,জলঢাকা ,36
73,জলঢাকা ,36
73,জলঢাকা ,36
73,জলঢাকা ,36
73,জলঢাকা ,36
73,জলঢাকা ,36
73,জলঢাকা ,36
73,জলঢাকা ,36
73,জলঢাকা ,36
73,জলঢাকা ,36
73,জলঢাকা ,36
73,জলঢাকা ,36
73,জলঢাকা ,36
73,জলঢাকা ,36
73,জলঢাকা ,36
73,জলঢাকা ,36
73,জলঢাকা ,36
73,কিশোরগঞ্জ,45
73,কিশোরগঞ্জ,45
73,কিশোরগঞ্জ,45
73,কিশোরগঞ্জ,45
73,কিশোরগঞ্জ,45
73,কিশোরগঞ্জ,45
73,কিশোরগঞ্জ,45
73,কিশোরগঞ্জ,45
73,কিশোরগঞ্জ,45
73,কিশোরগঞ্জ,45
73,কিশোরগঞ্জ,45
73,কিশোরগঞ্জ,45
73,কিশোরগঞ্জ,45
73,কিশোরগঞ্জ,45
73,কিশোরগঞ্জ,45
73,কিশোরগঞ্জ,45
73,কিশোরগঞ্জ,45
73,কিশোরগঞ্জ,45
73,নীলফামারী সদর ,64
73,নীলফামারী সদর ,64
73,নীলফামারী সদর ,64
73,নীলফামারী সদর ,64
73,নীলফামারী সদর ,64
73,নীলফামারী সদর ,64
73,নীলফামারী সদর ,64
73,নীলফামারী সদর ,64
73,নীলফামারী সদর ,64
73,নীলফামারী সদর ,64
73,নীলফামারী সদর ,64
73,নীলফামারী সদর ,64
73,নীলফামারী সদর ,64
73,নীলফামারী সদর ,64
73,নীলফামারী সদর ,64
73,নীলফামারী সদর ,64
73,নীলফামারী সদর ,64
73,নীলফামারী সদর ,64
73,নীলফামারী সদর ,64
73,নীলফামারী সদর ,64
73,নীলফামারী সদর ,64
73,নীলফামারী সদর ,64
73,নীলফামারী সদর ,64
73,নীলফামারী সদর ,64
73,নীলফামারী সদর ,64
73,নীলফামারী সদর ,64
73,নীলফামারী সদর ,64
73,নীলফামারী সদর ,64
73,নীলফামারী সদর ,64
73,নীলফামারী সদর ,64
73,নীলফামারী সদর ,64
73,সৈয়দপুর ,85
73,সৈয়দপুর ,85
73,সৈয়দপুর ,85
73,সৈয়দপুর ,85
73,সৈয়দপুর ,85
73,সৈয়দপুর ,85
73,সৈয়দপুর ,85
73,সৈয়দপুর ,85
73,সৈয়দপুর ,85
73,সৈয়দপুর ,85
73,সৈয়দপুর ,85
73,সৈয়দপুর ,85
73,সৈয়দপুর ,85